CONUS_10KM,bedrock
75662,34405.26775984577
85375,34472.47888008617
77981,18442.1026895457
86765,49287.00864329991
78433,61937.39631328954
82593,203562.86603124757
77509,46888.38825741093
82134,87889.38290400438
86301,42134.910055564425
85839,31767.656089800596
82603,26712.60125791308
85371,91946.64691408705
85850,24643.57025298816
77977,24342.177641235492
84912,36391.767274328304
85836,65087.86416012498
85847,33540.885530240965
83062,58009.20150250598
86302,31449.166848017456
81661,516440.17877859186
84915,29854.058518683843
85379,28125.189390315714
80289,12101.563751397696
80756,8109.433367477297
84002,8841.859883006971
83073,12707.937210997705
84910,59231.047295313954
79826,9877.957118411921
76124,38394.53305699604
86781,14795.050976160675
80746,71160.91435656701
83531,23320.54948240042
84444,87836.11715899338
80759,6355.209421601806
77050,33942.81521192604
83066,25689.956736951335
85837,45840.01626069544
84909,67688.59965754027
79825,15286.705598944716
83995,25241.68824748707
86779,16521.07276727259
79360,33867.11613737888
81674,50817.91775881929
75659,42814.105316869434
83071,19419.561438011053
81664,340019.4704704261
80752,13716.072149210397
86752,401386.24860682193
85373,61718.8148200384
75657,42061.37978406473
86311,34398.54610754108
81220,8365.988624134257
84913,34464.89503845394
86780,16365.515171219837
79827,9022.810566161206
80751,20009.76831606477
77510,43942.18931457582
86771,31632.107863878435
79834,11467.416832308327
85376,32807.05010449316
81223,6355.209421601806
81665,305576.1246540082
84442,151332.5721897858
84449,50916.95553593036
83057,146599.68246588984
78439,23020.7665064402
81670,108860.58284674204
77055,20322.165943482254
77971,54424.32100948842
78434,54478.11154776842
85384,31398.084670225864
85843,26258.0915884237
86766,30340.86049611869
87228,79223.71561770434
87223,279557.90335234196
80292,6140.078203609051
86303,28144.92822891105
77053,25490.111984234354
83515,292695.7742127487
82598,72758.65884372793
87225,217993.75790938563
75661,39165.33767342862
86309,32838.58996547413
78446,16604.434955507113
78442,17700.00702610285
82600,49725.16745886982
80743,153907.6469164339
86769,26887.626180344254
85372,71714.40028361494
77518,19473.274798793853
77057,23306.46460944834
80291,6905.881176576899
81214,22366.24527933606
84452,32264.601125875495
87227,121704.23495565896
77511,39327.703589573015
81197,589625.4324939899
85828,317276.3810499928
84459,27020.48643826528
85374,44314.46774461244
85391,10257.825306308248
84455,27991.662323001194
85844,27058.874595112396
85367,202771.36777485683
81208,89098.3430914093
86318,13059.164846836855
81673,60908.68640330621
84458,28102.786843756872
80750,27753.787172781656
80757,8321.782691376351
86300,69778.71735064012
85383,31427.10685735264
76119,41376.2455043813
84448,64859.48946490414
84450,41287.959775369345
86757,269652.14820265595
80755,9154.122919667234
81216,12873.813069052212
84441,209953.70897507048
86317,14515.818918003788
82139,32041.50729888963
85829,287080.16234131024
85854,12614.873448180293
85826,333079.7997880784
85827,327630.84186923597
83051,412157.06822571653
83991,28798.717084525222
82612,7649.357251001942
82129,255409.23491494058
84916,29472.258515704718
86770,29260.730043989275
80296,5269.234631178608
78435,49772.72835651803
83982,119755.04001944848
86298,128915.81823173826
83061,70482.20013957059
82135,72934.91138110406
76590,25819.24378311806
81671,89097.22972190609
85838,33981.3019710824
83520,127255.579849422
86764,83456.01636664636
76127,26824.893629189322
85392,8267.258477412592
86297,152490.0729770804
82599,59725.05055808199
77054,23079.711645297255
84443,103798.97965536093
86755,365200.9540043446
77048,40858.64745502987
81219,11274.504275115227
82595,130503.3080096149
81666,268950.7769921293
81201,347153.1024787986
80741,238768.61816963108
86760,212615.53583375222
84905,140302.57879697395
86775,30655.677153110275
81221,7307.3322882160855
79822,41815.89864084914
77047,42229.525491021974
80288,17373.66931762003
78909,14060.053689825396
83527,34528.85306105966
85835,85740.93577877512
83535,19139.62331094141
77049,38283.63119376957
81202,314564.74230382394
86299,102233.02982949773
86313,25195.151362008164
76130,22408.977172369374
85830,224434.08087787026
75668,25294.619678752537
78898,46145.900386253896
79828,8328.116317184307
86307,28775.181233948144
86762,151682.19575113416
80293,4518.343839779136
85381,26104.87055744754
84903,258072.66083571874
76121,42097.397160723434
77972,50071.91608424445
82140,28021.171331995505
83988,47118.36481758973
83533,22784.14176075516
78901,22961.234168466937
79365,11890.68540817933
83976,351375.7409535626
81210,59375.21480493935
85842,26655.054625565845
86777,22424.27218524148
85363,331291.4104369588
77979,21933.174504417988
80761,5006.887973728361
86308,30893.06319850405
77970,60595.6122879194
83993,24118.70167924502
83521,107376.62030411344
81218,12596.209286011934
86304,27444.888480844565
77507,53612.92243117058
83059,99979.32164194286
84447,70189.7256983022
85855,10618.819798044884
80760,6116.798383649956
79363,22272.322386922275
80754,10275.92821336482
86296,167080.25091370815
77974,39050.64338402868
79829,7318.185089817947
79359,40844.42215238205
82613,6727.384233881412
83516,237552.86678834425
85378,29425.492164024352
81217,11643.16987001622
84929,8125.156990366588
77512,36117.20741287124
80734,566034.9245628646
78440,20297.1772429956
80290,8570.045966127778
86767,23556.803739884523
76128,24421.974783965765
82124,516190.6537858732
76593,21961.669852088096
83981,137051.07341258434
84927,10467.609524446814
84924,23392.14281382807
76126,32643.26620449258
82596,104856.43826474495
80744,113198.54616823551
77975,32860.2048477665
83070,20576.44055875587
84899,351242.6291617182
86295,173529.8409038623
85370,105318.29953638435
76122,42716.795110827734
78904,12671.74109421281
82136,61511.73064601712
84911,48523.30680881571
86305,26073.602053279632
81685,7018.466721149815
77519,19010.529275249857
77982,18508.476460711958
82592,239677.1269334695
83055,217907.72656235905
83532,23775.104305340406
85834,114100.06586021451
82133,107329.31767650139
79824,20394.96308765183
78903,16143.33328641295
77516,24238.11094514903
78907,15095.931467823119
75655,38444.622694876445
80758,8381.09642083487
84907,93116.00549733356
84438,340060.1964256285
79835,9757.114324262502
83524,65860.37513861989
83069,21924.215780396018
81213,29873.399155896306
84919,26506.716926318044
79833,9351.932015816048
85389,16413.657619760485
81677,24764.50414842614
78445,16995.815606076034
84926,14559.870928162327
84914,31127.556106031203
79362,26267.223660454943
80736,465692.3042793014
81212,39459.65730940702
81211,49215.75439745154
76588,32916.10107489171
80753,12442.623043370022
86314,22605.682366379235
86289,352322.51236805145
85846,32583.22136390134
85382,27592.11300376939
85833,127943.66889167823
79366,9847.912761604815
76583,42061.37978406473
83985,86401.24423677217
86772,32431.69241130499
87226,167655.14618496224
86312,30609.15092852
78897,50141.125943637155
76131,25242.847916008428
87219,370438.81263337284
76591,24243.277265824254
81203,278617.904688527
80749,37148.07962043612
82132,140831.79950147547
80748,46465.56752322643
80286,34901.988180632776
81222,6419.3173003266065
85845,29700.487281785765
82585,614410.4674403231
81667,232689.01816539554
78900,27681.09613405137
86778,18741.74480100044
81199,452394.5267280551
80747,56519.95172962534
84000,11635.843020920573
85366,265877.1629609273
81686,6383.856280545906
85840,30398.642973801492
81215,16553.391934087093
75663,33498.14850009256
83983,103035.31260529229
83984,94631.64782505741
76129,21238.060608062966
80287,23080.10628995243
83068,21478.73549677363
85853,15473.724333816011
81660,601494.0469380453
85380,27756.885110307714
79823,30326.789058792496
77056,20659.010142353465
84457,27469.787699616107
83986,72851.2568883605
83512,444143.2280737226
84453,29819.83894514515
82138,40093.18359913292
80745,89135.89571877125
83987,56776.45551663805
83978,240034.84271680992
77052,28705.92121781642
82122,645126.3971238272
83537,10533.54897929164
79364,19067.54709485849
86774,33790.17683043857
75666,22232.670759733715
83525,52946.12852182397
80298,5647.5763576495265
77973,42913.1644529852
81680,14460.955570955171
83514,355244.7986440773
81678,19847.917251278115
81224,5969.329841167007
82141,21692.223274468244
86306,26114.079274389806
82130,218028.86774354862
83050,464435.0789385448
75205,27781.06144845893
81683,10827.689073958943
83063,47480.49395447633
77508,51518.032313604024
84440,273374.4747234169
81676,30534.928658721215
82149,6866.452038692034
75667,22672.662902629556
86761,188951.92051225583
86773,34881.2019634258
85832,134186.8914546457
83529,26333.277002736115
79361,29550.15796441099
86316,16076.894521861272
83536,14121.290554598663
76585,42154.891226809676
77514,27833.729985650774
76120,42061.37978406473
79832,6768.785109285382
80294,4788.960268057765
78438,27024.02131278478
86768,24499.45414482983
84918,27515.214730460702
83075,7985.1270863136015
83060,81614.58210049971
76594,24862.044122922038
76125,33868.49390209167
83994,25775.733347009096
75204,22540.44104519805
79830,7263.802823960452
80297,2855.024375995083
82150,6354.396441722334
82137,51761.680385863816
85377,31347.85769574384
82131,180440.94976441903
75658,42095.819532099435
82594,166267.51174860485
77051,31346.17969055321
86315,18852.55239805979
83048,553683.7213375032
87224,259373.29678421575
77046,44812.37178721148
83067,21504.816663464717
84904,197185.8054773883
81206,148864.86651086094
80737,405945.1307813698
82127,328528.35117788677
86291,347052.1510603107
83047,579180.6752349208
78902,19344.29201452815
78441,18536.39372619863
84437,350711.2129985729
85841,28852.202151109454
83056,183164.3679399655
82121,684874.0023514662
77515,26495.560854203028
81196,633821.7528927668
78908,14070.467894860849
77517,20810.48824852529
83992,27245.750705143477
79367,9155.367658068044
85365,309254.74412338063
77978,22263.306128402335
79372,11542.416250028624
81675,40555.09258184126
84906,96527.69643530039
84462,16704.904749960195
81662,448579.668983986
84456,26227.494931654808
84451,36841.1138651223
82584,648007.9298768797
83534,21191.434944435223
84900,331904.45408762724
83522,93635.10145923834
76582,43586.011694364315
75656,40754.00475861452
81209,71617.86039633033
82610,10754.07168054624
76587,36465.75506276066
82611,8610.539445248167
75660,42655.798656753985
83513,399528.8610613574
77976,27162.766520844067
75203,22459.10459811995
84917,27399.364257990615
82144,17805.199755206784
76589,30912.57268182342
81207,110898.47130292765
87222,298472.4372833798
75201,27238.64307207557
81198,524936.9300447293
81668,189526.68626679896
85831,183411.9026970239
79368,9871.336536854302
85368,157820.2503622963
84439,314578.3967190503
82146,12395.24972050609
84908,82933.49510652442
81672,72326.40730325844
81679,16982.957463569353
85369,109687.03690133402
83074,9880.607027181633
76586,39905.82069098846
82126,391804.98652772454
85385,30692.95847254881
77980,18722.150748872747
77513,30814.663923137534
86763,115216.59261717423
79371,11827.969963091884
81659,646734.3136891483
82143,18702.14059063935
78437,35517.6160117124
78899,37724.97447627968
85851,22131.979019097515
85852,18947.11888784202
76581,42503.41790920251
86758,234423.52676769797
81200,399825.0315350557
80285,44161.48065477885
84454,27481.347824998815
82123,583379.6768121797
84001,9538.601831027103
84465,9220.337388441269
84901,324228.90918392467
76118,38393.98978485538
81684,8436.28950076521
82145,15227.099283358988
77045,46418.481703146615
86756,317566.04135561537
81663,398769.9551046157
77983,18463.597312180624
81204,240725.4747072117
81669,145434.80120825113
85362,352006.9549745535
80295,5365.420534054818
78444,16652.308768736853
76584,41993.90235197548
85390,12897.180429346725
84921,30858.30174911548
81681,15052.79447098614
83999,15831.497761381313
84902,301595.8103154074
79369,12770.029888439718
82597,84793.85226405408
78905,13393.347114358718
83526,43191.65739617046
84445,80891.2484621481
84920,29671.788801084604
82125,446648.5406526281
76123,41795.25181699977
82606,20245.007946552938
83538,9096.540026499579
77520,21341.218739874723
75664,27421.488607070532
75665,24696.037534949566
86776,26334.66174231273
83989,37604.859003953185
83530,22189.015454591765
84464,10231.67922513621
85849,29578.858864802165
83997,23129.525073176817
84446,71468.84728752445
82128,291413.80662519304
75202,24446.65462239725
85364,325343.3570066983
80284,52988.08220076817
85388,19694.567118356386
75199,34327.31172231679
79831,6823.834211512862
81658,688149.867975795
87221,309177.25916933385
82587,508658.30505793955
79370,12878.85524883376
82602,31278.728425652498
80742,200790.3111514708
84922,30199.39463806172
76592,20997.025607153155
82586,568199.667854004
85848,32266.60545551695
78906,14922.312062327635
83523,78332.83921177521
75200,33430.14540160811
83052,344648.83890214
83977,306274.34952443663
81205,200199.8435506968
83979,180708.10968148848
83517,205721.30047351663
80735,515619.3154234082
82608,17547.042921031694
84928,9273.791232055364
83539,8181.252911872463
82588,444189.29777710466
86759,226031.30881847427
83528,28631.347106047822
86290,348047.8309240635
86753,391381.7040075094
85386,27151.679422081463
83054,245488.50758924717
82147,9869.526699275295
83049,514132.0492352574
77044,48956.23697353391
82607,19373.403376368948
83996,24868.420808054656
83519,157328.11329356267
84463,13404.843697416627
82609,14197.046301459704
83998,20069.14109855296
84925,18985.85945485828
87215,467593.91090047045
78896,58167.4593792303
82605,20590.36009061618
82601,39666.19295193003
80740,281060.5772274856
84461,21653.981697440056
83974,417597.4858947539
81195,670006.4493565023
84460,25177.47661207756
82589,374471.3388236866
83072,16373.049775738651
82591,271645.66244575335
78436,42462.78061841812
83065,29652.36021717057
83990,31467.994968042356
87220,330580.3388363818
80738,342514.8944861684
83076,7388.030281279922
78443,16867.88100530507
83064,36533.6737143858
82142,18709.196407641597
80739,317117.8081022163
83975,387751.97677104647
87218,413905.4687869526
85387,23122.67104426965
87217,442150.65871706326
84466,7460.226910093442
83980,147089.7652735357
83511,486459.6381566633
83053,275480.2486256491
83518,183841.97327946158
83510,514282.1846578057
84923,26562.336565818787
84436,373706.79162491957
86310,34969.112149458284
86293,261855.76125414605
82148,7946.787407235419
82590,309747.0177183878
86294,219224.71924993128
81687,6161.959862146747
83058,119710.86346846838
86292,320324.33264537144
83973,440791.1464863981
81682,12868.911518083914
82604,21252.47963643759
87216,466303.8626066455
77091,5806.18117483951
84469,4309.985598089476
82153,4582.394406388872
79380,9886.222721900771
80764,1352.247923491234
85873,87798.00500615589
83557,388.424066652508
81240,388.42408682810003
82633,388.423312441902
86326,60338.30140623379
80767,399.76623555412
82152,5263.593280818104
84938,3822.896938127998
83085,0.0
83548,0.0
84934,2097.740003786
85402,19248.225153647545
82620,92.46178145708
75221,264012.76568766293
86349,2733.40561511853
85867,61596.008422176594
84939,1742.255330565066
85407,43591.08094215385
83104,0.0
84945,23076.587530692592
81696,0.0
74771,357625.0880141555
86783,18319.253373414405
85404,21628.0770957557
79846,64.8574197037
81707,388.42408682810003
83552,169.76301636341398
83087,0.0
75696,252116.33692160927
82174,257.28280417960195
85871,101192.41218348077
80792,187.374621261
77059,26728.024146998774
83558,388.424066652508
76598,47117.04693835456
82624,64.8574197037
75214,248893.2668524038
84483,4253.276724831696
86334,135419.52142556082
81227,1789.143753483484
77987,25136.99362716561
84944,11865.174974944322
85870,97044.40110113002
85395,8594.151741307212
85414,29937.777799657608
75220,289101.87406522955
79870,1296.26639009716
84473,127.07587468433
77090,25913.724527301478
83549,0.0
85858,12058.390960807825
83571,3079.5738267705674
84496,2289.458821518738
85415,21043.093304086735
83088,64.8574197037
80312,388.42334033123
81699,388.42408682810003
79405,478.03574819948
81248,323.5665945666
81714,0.0
85869,83661.97635862009
79848,388.42334033123
86333,142272.5309126569
83090,388.423312441902
81715,0.0
82169,388.423312441902
84954,0.0
76162,197550.71337445194
79379,10995.1877941719
85424,3856.0069346348278
85422,2605.865363952838
81720,1538.020927206008
82183,1949.70906392748
81703,388.42408682810003
81228,1353.717221536854
83546,398.10919693898995
81692,1160.952097001324
84941,0.0
81249,0.0
84940,0.0
79376,12830.170283757436
84484,8913.959779880437
84477,0.0
81709,388.42408682810003
85394,6888.26409396818
82161,64.8574197037
84013,0.0
75225,229625.08531989204
76139,140469.5807904797
77985,23113.981838487154
82628,388.423312441902
85878,29945.10916929251
81258,1891.6884119885788
78481,1104.973142048
83096,388.423312441902
85409,64933.50458927054
75229,327045.8107239626
76612,139316.3106586301
81247,323.5665945666
82166,388.423312441902
84953,2984.52103159513
79845,64.8574197037
79847,388.42334033123
79849,388.42334033123
79850,388.42334033123
80306,0.0
80307,0.0
80308,64.8574197037
80313,388.42334033123
80314,388.42334033123
80768,0.0
80769,0.0
80770,0.0
81231,0.0
82167,388.423312441902
78014,22721.72288021967
77060,28070.176330128455
81238,388.42408682810003
85868,73074.33568844968
85406,31503.095201987675
80778,388.42408682810003
84958,2542.277522838338
86786,58648.24213197285
76596,26556.937517201473
75212,189706.72336627764
82182,1281.4172290362799
79843,1871.0953949952918
80309,64.8574197037
83109,3066.55729899922
85408,56649.24672940408
84482,357.707684008002
79867,193.134266534
84014,0.0
84493,0.0
86341,34985.25884301052
81710,323.5665945666
85397,14021.466972569055
81711,323.5665945666
74760,287638.63616550533
79374,12218.741680696528
75233,305505.554095763
78941,0.0
85405,21212.602100370987
84942,1467.3125936502952
75209,91974.92270386861
80796,2064.1311830410787
82615,5328.348337141854
76629,1045.7891119093797
75698,249526.83010273933
85866,46556.255738032305
86320,14555.531353005821
74762,293519.5114986485
81717,0.0
80772,64.8574922615
78480,974.2853965526
84012,0.0
82176,0.0
82157,64.255453631
85875,65440.82124616379
84006,4348.108537135554
83543,3984.223385681911
75685,210556.67055102135
83081,1204.0324485750039
83550,0.0
80320,388.42334033123
84948,31636.087080523197
85411,54531.76281747564
84943,4992.981027288366
78914,22451.87632220437
76148,181652.3445465457
80766,647.90827847371
81697,37.901362845
81239,388.42408682810003
75216,295098.26984227216
83080,4021.298080457692
78913,22606.30496640088
86789,90305.14924573382
81244,388.42408682810003
86335,117932.05055204092
78015,9850.0144795443
74764,345513.1190174256
76134,44833.031500378755
82636,323.56589273820197
79869,1231.06255143226
82154,2012.104646677504
86330,116599.27764157862
86785,41296.428570399454
84472,576.052558318525
84022,1405.087808084118
86323,26721.47359626696
78911,14614.008789403906
85889,3761.2490035378173
76163,157182.41491014964
79383,271.15145094384724
80777,388.42408682810003
74765,387343.734318559
76135,52170.04146238861
84963,3754.662926253228
82634,388.423312441902
81693,257.589519724004
86331,122535.60505589159
81689,4989.728635677824
78916,16784.01874727255
85413,33257.68545869548
81233,0.0
77092,1231.33852818253
75222,247049.44128516963
82617,2785.805477479134
77522,25920.44376134043
77553,10017.09591774578
81259,2516.5684258849788
80303,2025.1690353167942
75684,224468.96515439093
85865,39344.2692785333
75683,243362.62944508498
81237,388.42408682810003
84952,13771.62189006218
81235,64.8574922615
81702,388.42408682810003
77088,85335.94925450125
75240,63259.16013529002
81700,388.42408682810003
81701,388.42408682810003
86328,80039.32438354453
86321,16080.160561327642
76625,134700.21262038266
80311,388.42334033123
78479,0.0
84034,3254.9022247624675
75215,272216.8591796669
75232,318985.50333887775
76164,102764.11927446998
80781,388.42408682810003
85872,96395.74987448088
75211,150865.6165054295
83541,6168.664186656592
84485,12095.540719856337
82155,1289.179245003504
82160,0.0
83560,323.566761840708
84955,85.5872565447
86329,100770.40790378803
83559,323.566761840708
74776,176745.39672223723
86336,104687.40434613348
79868,457.28492373898
74767,405974.7152871409
85403,18705.656075666888
84035,3447.4106468638674
80765,1033.202439410124
75230,337618.70879978116
85857,10596.970432041657
74774,294259.79291014577
84946,30917.869101330303
81255,193.13184079801
84950,23726.041460313558
81243,388.42408682810003
78942,3.86383662447
74777,95051.9898270176
74770,377182.44429990073
85861,22556.776146232416
83097,323.56589273820197
83078,5727.862324100864
80300,5815.144012602569
86325,44663.93564904376
80329,0.0
86332,135227.93918398363
78920,8763.160943172385
82163,388.423312441902
81234,64.8574922615
85874,79790.3204796799
79381,7848.443941691289
76597,37200.076619353844
82638,0.0
84007,1723.0959223474842
76627,51675.04538086402
83551,0.0
76166,6319.616177758202
75687,190367.63371658316
85859,15264.494900020312
85880,13705.415760022775
80317,388.42334033123
81719,289.18880961090997
79871,1449.86278403016
79406,1220.49300498218
77554,563.4859443484
80782,388.42408682810003
81695,0.0
75686,197763.05330817838
81712,0.0
84499,3573.878039969328
83556,388.424066652508
75675,144964.137788154
84489,1654.7716432088355
78943,1167.42055850518
85879,20973.845212643257
84026,0.0
81722,2636.513535025879
79841,2577.619472741885
75672,68763.66558389386
81241,388.42408682810003
81708,388.42408682810003
75701,150677.49457159315
77555,1235.7488297754
83089,388.423312441902
79384,388.42334033123
84492,0.0
75670,40415.90626255383
74763,303044.4449723405
82170,388.423312441902
78017,974.2853965526
79387,388.42334033123
79404,0.0
83084,0.0
80793,193.13184079801
78013,38146.12161031301
84962,3826.880477659428
86327,67787.95378966602
75703,30919.828172879883
85887,3694.465797244937
84931,5055.5782233374775
75678,216562.71385820428
74761,288183.0998806858
84960,3760.765083115938
85423,3625.946297121338
82646,3003.004674902138
84009,576.052558318525
80776,388.42408682810003
82645,2365.68131921738
79385,388.42334033123
75676,171556.28478507567
80775,388.42408682810003
83106,510.70796689988
82629,388.423312441902
79386,388.42334033123
82164,388.423312441902
80332,1231.06255143226
75213,223071.72332466955
75673,89882.8052612187
86322,18478.272217684305
76611,163917.29792742018
79375,11890.781726295636
77551,48791.323939672984
85882,1595.4421871624081
83092,388.423312441902
75217,309110.3146493017
80321,323.56592062753003
85426,3831.715241860998
84475,0.0
75677,197147.7104974875
82171,388.423312441902
75210,124546.66229590068
83079,5274.611834548504
86340,47309.224790586246
83093,388.423312441902
82181,278.4121021799
83086,0.0
81698,64.8574922615
85877,35644.968668886875
75218,313842.149946205
82158,0.0
76137,86496.60504401762
78016,67.8223748455
81242,388.42408682810003
84005,4918.542903116183
76160,210910.7901766281
82618,1363.9029755816039
80774,388.42408682810003
81706,388.42408682810003
84936,5050.4277084144715
85863,24829.6941727644
82172,323.56589273820197
81260,2550.342866580852
86339,65596.5678805057
81721,2034.310215677379
75239,129928.71049427542
81694,0.0
84949,28307.378288221727
85883,2455.892665270238
76165,48481.18605146161
74772,338245.0732932168
83091,388.423312441902
85418,547.29302275394
86338,82802.63290120535
84951,17780.106233426988
85884,2542.277522838338
85881,1781.84110342373
76133,32613.72940317092
75697,255694.4138843584
85416,16363.011040318752
84937,5142.820241367954
85412,43001.86292163129
83574,3314.1158869984974
84024,1010.417130390054
81230,299.08011925971
79856,388.42334033123
80779,388.42408682810003
85396,9260.977772070179
74775,256196.32709461582
75238,201533.7947509991
77062,43599.71040185912
85862,24064.66719336056
86337,91729.18716288934
82647,3150.1327797361378
83547,0.0
82184,2435.22318833511
85427,3680.968521792328
74769,404363.15068683284
75227,270773.4494117834
77063,52277.85569667104
76626,96110.49114136495
82630,388.423312441902
81690,2666.826264828514
81705,388.42408682810003
84479,0.0
75702,91919.80712067157
80771,64.8574922615
84491,0.0
82631,388.423312441902
84471,832.598940982425
76161,211387.00663151083
84498,3698.034522600428
78018,1235.7488297754
84017,388.424066652508
85419,1220.920343541838
82616,5174.461357746604
81232,0.0
82648,3312.997584469238
75236,273520.2266366086
81704,388.42408682810003
77523,26723.67386073604
83570,2013.74572476342
84028,0.0
84016,323.566761840708
83567,0.0
75237,255688.6409235004
85860,18819.249288258165
75671,54542.53855766154
85410,63387.80989257864
81716,0.0
82165,388.423312441902
81246,388.42408682810003
81257,1166.34192691431
77526,35034.86763357723
76599,53139.085365942454
81713,0.0
75224,231182.61833861197
76613,117059.69779034819
86784,26870.59961572179
75208,71152.03736811264
80783,388.42408682810003
79866,0.0
83112,3452.99463280292
82156,392.791229540514
75688,182296.6565836136
80315,388.42334033123
82168,388.423312441902
84015,0.0
76628,17600.892500491307
79838,8674.065631478094
80784,323.5665945666
84021,323.566761840708
74766,401892.7586090339
84480,159.723628332837
82177,0.0
79840,5222.146338305433
84478,0.0
76150,149717.08599678375
80319,388.42334033123
76143,207342.2512592693
80318,388.42334033123
75689,185503.67601426953
84023,2039.581130325418
84935,3853.9736712045747
79861,0.0
81253,0.0
78012,50741.047037274664
77079,77107.35450587416
78937,1637.8971618229998
75692,252231.51549188528
76156,188689.89666221174
78933,0.0
78006,16406.803698992415
77533,84250.32144213197
78927,7884.76491297832
77995,54713.48123569618
76624,159776.9102561209
76614,96889.8555659753
75693,259400.80637313033
77549,84667.0017103049
78924,3544.8711856313203
76610,173957.03477346586
78453,24947.50462462679
80785,323.5665945666
79400,0.0
79863,0.0
76619,152284.53027820314
78931,6533.02459534623
75694,254707.72963654547
77542,42622.0092773993
78932,2585.11876192953
75695,247545.64948239978
77988,28920.172840647127
77535,76659.23863427174
78926,5187.99063760398
77539,56269.24616651082
78454,21433.39408820316
78455,19511.52832234036
80326,0.0
79857,388.42334033123
79393,388.42334033123
77077,72062.14376506634
78005,19947.33796864085
78467,13948.751276079665
79397,0.0
79398,0.0
81251,0.0
79865,0.0
78007,25859.098096471123
77085,130872.5552741344
77073,123114.98749520024
77070,105405.60441171391
77990,26110.018971565234
75681,261615.28705441006
77994,47767.40810192677
78452,26463.44645658399
79860,0.0
76145,212184.51741498098
78928,10684.71042221513
80790,0.0
75680,260169.48159873745
79859,323.56592062753003
76601,85334.30530993333
78939,0.0
78476,12152.714802820901
85888,3824.428598266117
78461,14755.804664399357
78001,30386.04164839912
76140,160033.88521480176
76146,215821.6800850972
77541,45450.201286302006
79391,388.42334033123
76606,158321.39336379166
75682,262187.00661867484
77530,65818.22171535529
77527,41070.502761240976
77996,52118.46032481452
79392,388.42334033123
76618,150388.3928364634
75228,307984.82465598127
77550,69594.32520260615
77084,131617.00387859554
75690,212387.18818006583
76617,133454.59991097328
77548,91604.27294038166
77529,58373.715469826144
78451,23447.815217676107
77525,32287.457187435226
76621,163606.49239077163
78010,57106.71793996546
77081,106685.7782961356
77075,108452.15346325749
78460,13659.546975298152
81250,0.0
78003,30636.047845564743
75679,237400.55448154584
78471,10790.698641419698
80328,0.0
75231,330780.3030733731
76615,102782.16246415376
77080,94046.70728686082
78472,16829.705039893823
76605,155832.7544011081
76609,175538.96526292176
76608,164914.95498446285
76159,204757.2467890173
80786,0.0
79855,388.42334033123
78930,7558.38770678423
78000,30868.052736944297
77065,77429.84765737862
76142,194255.15740857905
76158,198433.75536717824
79403,0.0
77087,110488.30901184006
77534,81393.40615989338
76602,110086.36116629
76603,132688.44316393728
78456,16499.23301177968
79395,323.56592062753003
79858,323.56592062753003
76144,215869.7581595538
77066,94014.1387616063
77532,81322.52814346559
79394,388.42334033123
78938,607.2041071827
77069,104739.36796946073
79402,0.0
80324,0.0
77078,67170.50193362037
78925,3595.41267219962
77068,110362.68996698609
79389,388.42334033123
78450,24642.961042168212
79399,0.0
77546,88737.92161412456
80325,0.0
78469,8144.737988456975
77076,84768.15969970904
78935,582.18708739237
76141,178628.99129604377
77064,66396.23712242812
80322,323.56592062753003
76153,159993.8616816653
76157,193356.18387669607
75691,237021.97483772037
80302,2527.88688337493
77074,124618.95736178286
84964,3573.878039969328
84037,3384.0723620754675
83545,832.598940982425
81236,388.42408682810003
83553,388.424066652688
78919,13587.123058541345
84957,2351.849789807538
86788,82904.79513488182
84468,4997.899628407293
82632,388.423312441902
83095,388.423312441902
84947,32741.12501242814
80333,1813.36035472896
78921,2086.5986057117175
84474,0.0
75235,289646.6745785088
79844,536.47115799253
82622,0.0
82627,388.423312441902
79842,2516.5331130870927
75234,300192.2408090476
84018,388.424066652508
83544,1411.298773422587
82185,2764.4653400051798
83107,1912.77423356812
83098,323.56589273820197
83082,684.691931821904
75674,114810.50367163574
80773,388.42408682810003
77986,25673.672161794817
85421,2542.277522838338
83100,0.0
78448,19824.059758886367
75223,238665.11528258526
83554,388.424066652508
82619,577.299611546614
82621,0.0
80305,25.086319590716002
75207,55476.212573275785
75226,235059.36958133665
76138,108549.61601569671
85400,21203.443424284153
83561,323.566761840708
82173,323.56589273820197
82635,323.56589273820197
78917,17626.419976013
84033,2166.3772732758675
75219,314189.1083476651
80797,2321.282441306852
77552,27939.251432545847
84011,0.0
81229,904.463204979624
82649,3642.010187365288
78912,18917.630485085865
82639,0.0
82640,0.0
83566,0.0
82186,2928.1279153720798
78915,19582.44042552215
79378,13429.019346001196
83110,3130.14514011372
79852,388.42334033123
84481,323.566761840708
78923,2836.79043884763
82175,0.0
84019,388.424066652508
86347,2542.27788020423
84029,0.0
84487,10995.28682293586
80301,4682.61574034128
83565,0.0
83094,388.423312441902
74773,315375.4231704971
86787,73650.9378761904
83555,388.424066652508
86342,26611.4533332834
81254,0.0
82623,0.0
80310,388.42334033123
82180,0.0
81256,193.13184079801
84010,80.79816870293
76623,168651.99301303094
84495,2284.824154479908
85425,3761.247813036828
83575,3452.99463280292
77089,51559.4014777132
82162,388.423312441902
78918,15954.067590125736
78922,458.58222936493
84470,1764.4360451456669
77989,28760.2498823368
86345,2764.9363874305736
75700,208706.41182427361
83568,0.0
78478,0.0
83102,0.0
80780,388.42408682810003
79407,1296.26639009716
80304,1122.1736360802536
82179,0.0
84486,12015.471119799102
84476,0.0
77061,37754.73360463251
81245,388.42408682810003
83563,0.0
74768,409526.81467686914
77544,60012.50724080497
77536,79976.53864953066
79388,417.34660913513
84933,2498.559253941285
77991,23394.73270638833
76607,160051.32007409245
79401,0.0
78004,26499.429793862917
78929,7629.761072800822
78009,49714.784899003935
76620,157998.61163485554
77072,116485.26875713198
78458,16214.054059168528
80789,0.0
77071,109254.55813592266
77992,28041.17807511653
80327,0.0
78457,15850.5968651843
77540,49307.695068430294
76147,203282.1895723436
77082,121167.42600256744
77545,78879.06495524607
78475,18822.982552071793
79854,388.42334033123
77086,124520.37981256946
76154,181660.89597286753
80787,0.0
77547,91726.20077652663
76151,137189.04941837044
77083,129448.05651862283
79390,388.42334033123
77537,72411.99753819944
78474,23715.683622274944
78008,40056.1517588054
78462,15865.822935446828
78934,85.23648138736999
76152,141534.14393393762
76155,194393.63830194614
83108,2824.29941340882
75699,237966.04108561424
84030,0.0
81691,1546.001485969254
85886,3322.3840198204703
81718,193.13184079801
84488,7455.69175402323
79382,4562.116419643467
76136,67069.50670872995
78477,4533.67148711904
83103,0.0
83572,3320.409895033067
76149,174806.44611981875
79377,14194.053199058204
86344,7514.256623690398
84025,2.12376363791
84008,832.598940982425
82637,26.8129004305
79837,8596.15169112825
77524,28834.52448297173
83111,3452.99463280292
84020,330.477731349408
84032,1945.5867114799673
78944,1361.58226912936
79851,388.42334033123
85876,49366.8460612433
83101,0.0
81226,3527.8777862809784
84956,809.750669518838
83569,1719.63996703412
79839,7345.301605315505
82626,388.423312441902
76600,68168.47758368264
82159,0.0
80763,1690.933050518364
78940,0.0
83562,57.205604491
85401,20638.200910522475
85417,2773.9767055219518
84031,508.55933501418997
82643,0.0
78465,20556.62483123958
78464,21050.51033053609
78468,8539.518769856353
78473,22857.676325719334
78011,57008.15266052545
80788,0.0
79864,0.0
78463,18849.384200294353
82641,0.0
79862,0.0
81252,0.0
76616,116940.28954601668
78002,30023.986088045636
78466,19541.47301582058
78936,1138.4826336955998
77528,49835.38074160691
80791,0.0
76604,144880.86579907138
77538,61127.64553866466
78459,16341.13215729592
78449,23939.849382043623
85420,2478.317667454338
84036,3447.4106468638674
84497,3634.372197951238
83105,0.0
80794,581.16501333076
80316,388.42334033123
82625,240.1832689214
85864,30822.614622834753
85399,20115.842199975974
84959,2605.865363952838
82178,0.0
84961,3761.247813036828
86348,2605.8657213187303
82642,0.0
86343,18567.95032009277
86324,35015.87093212199
76622,169093.37466539218
80795,1805.479660420556
77997,47272.904411332136
79853,388.42334033123
77999,35514.420006809974
77998,41638.73947244587
79396,239.41135992833
77531,75159.48108986979
77993,38830.3002775003
78470,10480.039051807453
80323,0.0
77067,109665.08039311043
83083,257.42245871528
82644,765.71841454868
80334,2060.57811665096
83573,3384.0723620754675
83564,0.0
84494,1748.7139523474918
81723,2705.20019878428
84500,3529.619882531928
84038,3384.0723620754675
86346,2279.00881128553
84027,0.0
84932,5038.626982316225
77543,46002.319566336555
83542,5390.654663506846
84501,3384.072126371128
80331,580.04636970457
83099,323.56589273820197
85398,16599.12481790651
85885,2605.8657213188
80330,193.134266534
84490,0.0
90473,283679.9670264284
88632,85960.25065791064
87707,40802.5102513383
89096,167648.84863217245
88148,421523.575014687
89090,107605.21318965056
90018,245981.44968661817
88151,330363.4015209969
90472,326149.7178983774
88614,383227.0410861039
89545,221370.3468847422
90459,883337.556956998
87704,19604.365019670255
88158,28392.184997785494
88621,34032.623385649604
90020,291057.21650949563
89558,225405.94681244474
90928,829569.455771602
88164,24642.666051082462
88160,27753.419435804935
90458,889933.5234355032
90011,196508.75068541756
88633,93522.20840590495
90925,969836.5550196217
90474,253278.47876302674
87693,49403.92117443976
90926,935183.3567103073
89557,203542.99277489766
87706,25371.13653140857
87697,29967.089726962215
89540,528684.4401818628
88162,27818.15706378518
91384,1083803.8037086502
89087,74794.96463901835
87696,28498.886015818243
90479,271715.60049502266
88626,46213.99242700484
89547,150195.80901257886
88170,56491.817590094855
90481,323550.1783250059
88154,145763.12402711413
88166,29703.782455276345
89084,79052.6573581296
90475,240359.42846873373
89999,759015.4977821426
90471,391427.9555768934
89079,336457.1558278594
88167,28053.5527209629
89551,156011.81180967262
89088,87897.15764992365
88163,24191.057830921403
90460,889357.2087726593
88147,445087.49077890755
89082,148754.25330183725
88165,28229.46923297746
90013,197293.68107487468
90923,996048.4189043898
89075,526579.292273323
89080,267527.99184627493
88631,72615.73508196411
90466,678281.9776612385
88168,38391.54304075913
90482,347310.19508473435
89549,126675.3304900616
90924,987836.0069761154
88625,40605.0073527599
89543,356148.18285034737
88161,28772.483927452264
88622,31214.67995452938
91386,1103102.5731640186
90927,889131.4701288558
90012,189742.38128389296
90465,724561.10727103
87694,30767.644446631475
89081,202660.4417848757
88619,88674.08884573734
87699,30078.984773083645
91387,1104181.6073265355
90016,204969.35400801164
88617,203140.09058814697
90017,224238.5615201183
88623,34676.55821424027
88627,53306.198352977735
88150,365279.93839714903
88169,47680.51615977591
88153,204919.27908503308
89089,102000.95156227698
90921,992356.9361055619
88630,60787.757470131866
87700,27877.748428717736
88157,42467.395482335865
90936,352306.3880401387
91388,1085179.4299054071
89068,698942.2490321822
89085,64812.0115235032
88628,53706.96285937984
89095,152012.15108460502
88156,62796.85812508597
90462,860364.6466882682
90467,624482.5846056403
87695,26092.0988915526
90001,687561.3373890466
88159,25984.70861962548
90929,764966.0946015567
90922,986884.9997651867
88613,431501.21092053986
90470,461356.0276942896
88612,464062.61782379437
87698,30658.697359369504
90007,372882.2907490865
88610,497429.30808504915
90483,369932.28469119745
90477,235957.5736103271
90461,883150.078007739
89556,184362.99617934448
90478,243894.11055174159
89086,64887.678073402334
90469,518605.9408320884
90009,265781.99768591515
90484,387494.1535242794
89083,105011.10616650463
88624,37450.59542021371
90919,1005178.631455121
87702,25136.01381658366
89546,195193.77683140602
90008,317571.8589405473
88620,55099.68808626042
88152,270293.6205906335
90000,727220.7071967036
89092,103373.94324653376
89550,138031.23903307956
90476,236703.7224954138
89536,663416.8378987232
90480,297905.83468983654
88149,398649.52115788363
88618,139070.1170946437
88605,649015.0308855467
88606,601568.808598907
89555,166890.6545836597
90463,825723.2135651822
90937,309891.68290430575
87703,22280.629661211504
89070,615300.2688114982
87705,17725.195239199467
89535,687543.3665700746
89078,398085.6778501601
88155,94585.88943394601
88615,330344.2701430678
89532,719309.6701810068
89544,280612.414336263
89998,787665.2738992034
89554,160204.52749817024
90014,201411.5582256238
91383,1080718.88633463
90934,481735.70508180605
90022,330266.53255965444
89067,717135.7240961522
90010,228150.09299462487
91385,1097844.243743238
88616,267527.8059465089
90003,597178.2949499296
89530,758000.5087721841
90464,784436.6838296135
88629,53934.32325327506
89559,250112.30424312456
89553,154076.39418725343
89073,574496.6310809011
90920,988303.7732589162
90021,311149.5885668842
89997,789806.1566300261
90015,199519.93700388365
88145,478698.70993484725
90930,703736.7694452225
90485,406044.6192295305
90002,635311.2653920681
89537,642753.5304557187
89552,163970.6489024567
88146,456294.4199124332
90935,414051.02541007835
89542,419711.5985636981
87701,27302.392899880466
90931,631271.6888714803
88144,514948.8357208596
90468,562213.0562075819
90006,442914.3367413589
89076,498163.30398980196
89074,554274.8931432636
89541,474089.0016332115
90019,268730.6199218084
89548,130002.16747483161
89077,455797.627939357
89996,778203.8637557809
89094,129718.03013549134
88609,510623.8322073423
89538,597794.3600873104
90456,908426.4557010656
89995,790469.4762722162
90457,893895.051234317
89531,752196.2621729715
90933,553909.2498351464
89091,99142.44480060611
88604,672080.2104659096
90004,551125.8343551041
89993,828827.8925860478
88141,615881.342097484
88608,529900.8070380782
88611,485401.95515272
88143,543827.8340698321
90938,294618.82317261567
89069,658588.1149737104
89072,590179.6525268372
90932,586885.9656151696
88607,562943.5464416456
90005,501840.36789947766
89093,112325.63537136387
89994,818984.7042791902
88142,593509.9260966599
89071,591575.5103611032
89533,682797.7556950311
89539,556539.7802292206
89534,686553.2305725093
90939,291198.1066731963
87257,197587.83497115507
87717,186230.77390044657
88179,210821.83846457076
87716,163737.9438695556
87709,60068.235532511
87256,185247.86199233073
87259,193172.58870841097
90039,228010.61229210158
88178,185970.125123467
90494,476251.96100744186
87261,159299.54868425534
88644,281201.61677249917
88653,122459.66289683618
90028,430825.9205998256
87710,76410.56749802019
88193,61701.90060593114
87258,200330.72974907642
88180,230388.73802668392
88172,86170.70047181586
87254,149600.22606505794
88174,124085.35428114879
90037,267642.58061587025
89113,213601.8838108887
88643,268107.5092428409
87255,165989.65886104244
87719,229625.64818156394
88663,2537.76216505443
90030,453454.2669347165
88658,32815.07305806494
89573,277638.3803389636
90027,402343.0424479535
88652,148728.33931787824
89122,19990.62159582283
88181,249230.62810774002
89117,108412.72600575861
89120,47246.41849023715
87711,90068.14474029286
87718,214127.09986971872
88635,148854.26426755145
88197,6761.726737882912
88657,46088.057143254344
87728,96273.30023042888
87266,70031.86702849284
89567,389215.95763170096
87262,136811.76980235337
87729,78263.46932279071
88654,105928.88144473101
89106,307739.7326714466
87712,96731.19949240032
87733,18394.0552062979
90038,245217.57856054575
89111,253481.84179955226
88189,138689.7520025976
87715,141430.56327615582
89566,381456.3883352507
87732,28129.73308666624
89577,197497.96445686845
89578,163141.35315727443
89570,339781.9351530098
90491,496620.86839091993
87730,56219.32789668274
87738,2668.55288134373
88201,2604.59302595973
87276,2796.089167468071
87720,232000.88814553598
89102,269088.3752179155
88188,166127.60917288024
88655,90382.12080545358
89561,303393.7979014247
87739,2732.21534838613
89571,315883.18512513355
90493,506180.4113190343
89124,2856.890277220801
89116,127625.80366595899
90035,315649.83289158787
87725,152490.70622600554
87263,118937.22616845633
89114,188670.12904576684
89572,301379.0628134143
89109,285498.7575017733
89569,357827.3436099835
90489,448414.0002767175
88184,247922.00504224465
89107,302295.3739021234
89103,295140.4455424799
87277,3566.616831225678
90031,421332.4606265725
89586,5366.4715338178885
88639,203141.81828033397
87723,193832.40593087344
89098,222589.52103012308
87275,2613.8215046025502
89585,17776.66714528283
88182,252240.8224755642
89119,68901.92466632987
87260,179003.71041443574
89576,221490.37784598564
90025,391304.1914438894
87727,111621.08504113615
87721,228642.62275967677
87273,2934.69035074707
87726,128294.48641210073
89099,256414.87103584126
90029,455288.33851061715
87724,174902.71369590375
88647,258295.88928498758
88190,117354.2008883442
89112,234545.13695603493
88191,101631.08936211374
88662,2980.60255580388
88645,279687.82916667213
89584,32760.75317860463
90034,343750.9427164091
89110,267933.2305618235
87265,88602.21353266817
88198,3220.78305999462
88175,142142.36356473778
87264,101959.90205319322
88194,43729.42158756634
87735,3545.31876242078
89562,329391.48148655175
87278,3692.8000104609573
89115,156581.60465756632
87740,2801.554036722522
89574,260019.03497310294
88659,20587.391877848502
88638,202628.40008945385
89123,6515.373119805189
86814,3650.056837601337
88196,20123.801334675903
87737,2604.59302595964
89108,298981.0417751501
87271,4025.3908762278497
90032,394644.4521185197
90036,287760.52520867094
88186,210486.96773564073
88649,224419.84444863326
89581,94720.77470618839
87268,36887.320218373425
86815,3638.2865089796373
87274,2605.8657213187303
88661,3365.54044604982
87270,16144.03153244436
89125,2659.846382595001
88183,250936.1838126594
90488,452690.57888969284
88656,66104.9473992153
89118,93297.56655844228
90496,405010.58901859936
88173,107986.71667198838
90487,455923.1667918056
88648,245003.86692997065
88199,3004.84717990641
88660,7167.146201445902
88200,2730.49996381443
88642,259481.0760429828
88185,231176.5905816434
90495,442043.2986429981
89105,317088.33409593435
88650,203043.38402855766
89568,372062.61513731594
89565,350667.44488723826
88640,216667.49755212112
87736,2854.42681745591
88177,165015.9299862354
87722,213240.68463757256
90026,394268.65901200764
88637,197869.0255646094
88192,85772.23209090639
87714,121195.23319616076
88195,31029.116023530943
87713,105288.5627290486
89575,240709.11122687676
89121,33468.82856945543
88646,266050.50794465846
89104,317788.1362906206
87269,25618.70582496781
88176,152901.87610859753
90497,367979.9796388621
89101,266954.81885534414
87731,40135.80554430044
88651,177502.2245786506
87734,5446.943283760612
90024,383075.9651335083
88636,177902.70797467744
89563,339188.7135118611
90033,372359.1328784406
87272,3345.23135628414
89100,273175.36386542564
88187,189331.56584461714
87267,49443.211715129786
88641,244569.1473388618
90492,508232.35559468425
90499,295138.1231470135
89564,335009.5876564288
89582,70272.30637465687
89583,47530.51642196005
90498,330778.2437365314
90490,471545.3163768976
74784,3866.622104570617
77097,2089.15412643333
76635,2814.6440653145105
74781,1700.30154085985
77095,1891.6309645496299
77558,1891.6309645496299
75244,1835.0637269476
76172,2621.4919571919104
75705,1307.831617231344
78020,1891.6309645496299
75245,2296.82601601895
81262,2385.159868064252
75246,2297.0090555015872
80337,2326.80896066459
78947,2213.61502912341
78022,1891.6309645496299
78948,2213.61502912341
77557,1891.6309645496299
76168,1632.4439944748017
76169,1812.7113441032204
74779,6819.532470946
75242,2096.0188263379
75708,2555.4569557453915
75710,3062.5646294306416
78021,1891.6309645496299
75248,3904.172594523924
79874,1964.24713131267
77561,2089.15412643333
78946,1881.71648611708
80800,2511.296491342942
77559,1891.6309645496299
75247,3620.546231756317
77096,2023.22618878073
80799,2368.200859467942
74783,3070.1853969626172
79873,1945.40822982647
78485,2020.47691960853
74780,1310.2591531697
75706,1742.8115770796117
77560,2023.22618878073
77098,2418.86351263433
74782,2101.73082844205
74785,3892.329809388417
75709,2621.4322339515916
76634,2418.8589730997805
81725,2736.9024195044
81263,2450.4754887101417
82188,2812.72638071005
76631,1891.6311040439205
76632,1891.6311040439205
80336,2344.73360839689
76170,2128.3773933229804
82651,3074.25054522485
82189,2766.62428611957
76633,2032.4600888405803
75243,1505.3543407466
76173,2666.3609094953918
75707,2138.3666191719117
79410,1951.20272986381
77094,1891.6309645496299
76171,2416.0892982870805
79411,2213.61502912341
78483,2213.61118614253
78484,2213.61118614253
74786,4091.667412284417
78023,2012.05835081763
87235,31898.81385251603
87236,32326.285431223176
86782,14246.775197989142
75194,42061.91448592742
87233,28965.04105461146
83077,6385.060268868612
82614,6046.276869297034
83540,6864.007506132492
87241,18883.191374412698
87229,48363.370381036504
87245,28633.283673334354
87683,392080.3708351015
75197,43034.47477016899
76132,25823.509251545467
82151,6010.229125837854
87238,28624.67228732144
87244,16883.353169975668
87242,16929.46765962871
87243,16855.00067893458
84003,7621.140418977695
87232,26838.44837393276
80299,6730.229787571655
87689,221006.88772866107
77058,24570.18268812843
77521,22803.84697655574
87691,102666.58093147501
81688,5563.160551368186
75206,39449.88369141159
87234,30606.28096225175
87686,340578.1821356371
86319,12798.790785223671
87685,361587.97160850913
75198,39044.58265992379
87684,379190.0789553989
87231,24471.45009397727
75195,42061.91448592842
87239,26389.45833864355
79373,11580.231749650857
85393,7561.155574011769
75669,27386.893301724223
80762,3025.3012797396223
75196,42804.88606027569
87237,32440.123150880125
78910,13564.138636299595
76595,25627.64999960673
87681,465482.27462366613
87687,315699.91569146333
81225,5122.790557033453
78447,16066.160068904665
87678,541710.90789704
77984,20139.626295099093
75193,39798.55035987842
87240,22250.454848127974
87680,493711.0913543264
85856,10840.440997041193
79836,9855.281281903794
87230,31642.760040280482
87688,275341.9269327526
84930,6669.172247994241
87679,538801.1970621505
87690,160449.27745177195
75192,38058.29554638741
87682,421143.6469521793
84004,6287.273035587163
84467,6307.892231140227
74742,33023.95734457799
86796,175969.37097276445
74756,364199.84586957097
86795,175095.3366550474
86798,141317.2059795688
86797,159047.07289796715
86790,107473.94118840626
86794,163259.21290563274
76630,1660.7836717114203
77093,1891.6309645496299
74758,320136.70573551505
74746,110571.65186313698
86804,41596.773844922165
74755,364634.43718896684
86793,142414.12899140816
86791,124441.68386595628
78019,1563.67140404463
76167,1415.1589502653217
86807,12977.684928260698
86352,3761.2490035378173
86351,3694.465797244937
87248,73732.02841938783
74757,345358.5298336118
74754,355185.4093458532
78482,1593.8767411683
86792,134138.01995187977
74745,82803.52329753587
74751,281403.9012522534
87250,91015.45285287345
75704,3029.927239312084
86350,3630.3005920737373
77556,1849.68305825323
75241,12656.37906942993
87246,42464.43045616072
84502,3384.072126371128
74752,312715.68629787443
84039,3423.99131297012
83576,3452.99463280292
86803,59266.78357314131
74749,234639.4254190668
78945,1557.72986020468
74753,337051.90662242897
87247,56580.33173781694
74759,300899.9133705303
74778,29679.685988615878
84965,3384.072126371128
87251,97783.87677272258
86811,2605.8657213187303
79408,1538.59243770177
74748,186453.75650074947
79872,1861.17026764547
74743,48460.94806735739
74750,260982.3227204515
82650,3185.333630942288
86800,106653.11927851204
87253,134957.27362511048
81261,2445.4630357394517
86808,3165.11578420555
86801,92471.42582032846
82187,2834.9778427046
86809,2880.656166716524
86805,31518.183409827892
86802,78829.04972103526
83113,3714.05018903082
87252,114948.59160969229
86799,122168.62139714514
80335,2164.88227442639
86810,2478.31802482023
74747,148583.2999062818
86806,22645.48134447031
81724,2702.9616649488
80798,2325.2251175032416
86812,2669.52818836113
74744,60467.51557710518
87249,84034.44578683384
87708,47906.92006025641
88171,67177.20341921829
88634,116676.78773227967
87692,66701.37654192068
89097,190758.34833803686
90023,357963.1711104138
90486,435722.3019648775
89560,277642.69763320166
86813,3221.307392125397
79409,1557.72986020467
86754,393292.81067087245
