CONUS_10KM,cliff_HA
75662,1.2696
85375,72.28536010373514
77981,1.16379999999944
86765,43.46693844220667
78433,1.4811999999998
82593,156.2488652475779
77509,1.2695999999998
82134,52.33107837589648
86301,85.66187786266417
85839,27.310833908287382
82603,1.4062558799999472
85371,190.7728313379065
85850,1.3224999999999
77977,1.90439999999924
84912,77.14837177373614
85836,185.1025722493294
85847,1.4811999999999002
83062,16.613853349997846
86302,25.912053552282938
81661,181.2403236384237
84915,4.958394855000701
85379,4.4822948550006005
80289,1.3754
80756,1.058
84002,1.1109
83073,1.1109
84910,147.03866108977363
79826,1.3225
76124,1.2696
86781,11.36806766488931
80746,4.8620465940727415
83531,0.5819000000000001
84444,169.10469648765584
80759,1.058
77050,1.2696
83066,1.564955879999947
85837,123.35107278281662
84909,150.77890326477652
79825,0.4232
83995,0.4761
86779,4.078812179999391
79360,0.529
81674,2.4412454190718615
75659,1.2696
83071,1.1109
81664,169.38911775318405
80752,1.3224999999999896
86752,365.8307065219819
85373,152.12176283061368
75657,1.2696
86311,1.90439999999999
81220,1.058
84913,54.88278230918857
86780,4.99217690999739
79827,1.1638000000000002
80751,0.4231999999999894
77510,1.2695999999998
86771,1.4282999999999901
79834,0.9522
85376,45.64516496528118
81223,1.058
81665,161.4130288281843
84442,178.8271720142834
84449,77.78823600653723
83057,149.7025936115601
78439,1.90439999999924
81670,62.78647954643728
77055,1.1638000000000002
77971,1.2695999999998
78434,1.3224999999998002
85384,0.1586999999999
85843,2.5999454149983
86766,24.320544713962946
87228,48.33805876220417
87223,252.42492893388342
80292,1.0051
86303,7.266386129246203
77053,1.9044
83515,182.08597167909213
82598,33.40594163499968
87225,148.97991536979853
75661,1.2696
86309,1.53409999999999
78446,1.16379999999944
78442,0.95219999999944
82600,4.146703119998247
80743,32.5374566736192
86769,1.05799999999999
85372,178.013048039345
77518,1.16379999999944
77057,1.1638000000000002
80291,1.0051
81214,0.4231999999999894
84452,5.7380672120672305
87227,66.18763242220848
77511,1.2695999999998
81197,177.468431915431
85828,262.26306002044623
84459,0.1587
85374,99.20477458383374
85391,0.42319999999990005
84455,2.0180454149984
85844,0.7934999999999001
85367,215.25156263428937
81208,20.422226000319377
86318,4.674776909997401
81673,3.3587960340751417
84458,0.2116
80750,0.4231999999999894
80757,1.058
86300,122.01809302482057
85383,0.1586999999999
76119,1.2696
84448,104.78192179925173
84450,56.93273330198976
86757,289.0337691112395
80755,1.0051
81216,1.3753999999999895
84441,187.2329146242848
86317,4.39621217999939
82139,1.8593454149984472
85829,258.67162531313795
85854,1.4948173799994
85826,254.95956762817363
85827,250.83347484123217
83051,186.8773561715558
83991,2.4941454149984
82612,1.1109
82129,162.7910187260292
84916,4.8525948550006
86770,1.32249999999999
80296,1.058
78435,1.3224999999998002
83982,163.65267356235344
86298,212.12349123496512
83061,45.78431950454605
82135,23.498996893661328
76590,2.0102
81671,32.989814537637294
85838,77.88611314180893
83520,153.00070320013393
86764,64.59008299294702
76127,1.2696
85392,0.6484173799995
86297,217.15838906971848
82599,8.896046260001228
77054,1.2167000000000001
84443,174.80608541265514
86755,330.1718711036528
77048,1.2696
81219,1.058
82595,102.0988799041602
81666,134.96676048491943
81201,142.51591775318275
80741,73.57860544716438
86760,243.20256379421338
84905,176.6571018387382
86775,2.06309999999999
81221,1.058
79822,0.4232
77047,1.2696
80288,0.4232
78909,1.16379999999944
83527,3.4242948550007
85835,196.52365590242093
83535,1.1109
77049,1.2696
81202,128.13691253317697
86299,181.81479887702483
86313,1.74569999999999
76130,0.2645
85830,249.2559150329636
75668,0.2116
78898,1.5340999999998002
79828,1.0051
86307,0.9459079294157
86762,173.917412990308
80293,0.9522
85381,0.7675188550003
84903,195.5937439010009
76121,1.2696
77972,1.2695999999998
82140,0.6348
83988,23.014753349997363
83533,1.058
78901,1.7456999999992402
79365,0.9522
83976,198.80033017909133
81210,2.7989465940727416
85842,3.8474948550006003
86777,2.06309999999999
85363,232.78981256841308
77979,0.95219999999944
80761,1.058
86308,1.4282999999999901
77970,1.2695999999998
83993,0.5819000000000001
83521,136.34196903047274
81218,1.1109
86304,6.015859010037
77507,1.2695999999998
83059,85.7085751165376
84447,146.65270320013394
85855,3.3382121799989
80760,1.058
79363,1.1109
80754,1.1638000000000002
86296,232.70112752665784
77974,1.2695999999998
79829,0.9522
79359,0.4761
82613,1.1109
83516,177.92718541265515
85378,4.958394855000701
81217,1.3753999999999895
84929,0.1586999999999
77512,1.2695999999998
80734,136.40190270272714
78440,1.69279999999924
80290,1.2696
86767,10.053100068892874
76128,1.0051
82124,186.6120021990206
76593,1.1638000000000002
83981,170.21474251512095
84927,0.1586999999999
84924,0.1586999999999
76126,1.2696
82596,81.90356344653661
80744,17.990691013877147
77975,1.4246331443918
83070,1.1638000000000002
84899,245.39410941399234
86295,259.15880557413027
85370,205.01441553531134
76122,1.2696
78904,0.95219999999944
82136,7.379196030001627
84911,105.62937810962524
86305,2.8644454149984
81685,1.058
77519,1.16379999999944
77982,1.16379999999944
82592,166.0356425125845
83055,169.05094251258478
83532,0.529
85834,207.85716024851862
82133,77.55611529153751
79824,0.4232
78903,0.95219999999944
77516,1.52213306235414
78907,0.95219999999944
75655,1.2696
80758,1.058
84907,164.80095410231863
84438,211.15820535697102
79835,0.9522
83524,52.06291368153491
83069,1.4812
81213,0.5818999999999894
84919,0.5818999999999
79833,0.9522
85389,0.26449999999990004
81677,0.4231999999999894
78445,1.16379999999944
84926,0.1586999999999
84914,17.465216373218972
79362,0.3703
80736,130.9179193491046
81212,1.5219642229462216
81211,2.2296454190718613
76588,1.2696
80753,1.3753999999999895
86314,1.48119999999999
86289,322.075796310344
85846,1.3224999999999
85382,0.47609999999990005
85833,225.3413416198635
79366,0.9522
76583,1.2696
83985,94.20857099742763
86772,1.90439999999999
87226,92.2779211891512
86312,2.06309999999999
78897,1.6927999999998
76131,0.2645
87219,304.75367482323327
76591,1.7457
81203,109.72022506659219
80749,0.5818999999999894
82132,84.75637511653761
80748,1.5120558799994515
80286,0.4232
81222,1.058
85845,0.7405999999999
82585,197.56122045384055
81667,112.56261011015219
78900,1.42829999999929
86778,1.8122173799995902
81199,172.09398168779617
80747,2.2881383290752417
84000,1.1109
85366,214.53093162456838
81686,1.058
85840,6.7569948550007
81215,1.3224999999999896
75663,1.2696
83983,153.90287747688694
83984,141.09043032516684
76129,0.2116
80287,0.4232
83068,0.5819000000000001
85853,1.0579999999999001
81660,182.12970738910929
85380,2.4941454149983002
79823,0.4232
77056,1.1638000000000002
84457,0.5819000000000001
83986,76.8932529915378
83512,201.9060638223435
84453,4.8525948550007
82138,2.335445414998447
80745,8.434852260837042
83987,56.24717005153233
83978,184.1647146242848
77052,2.116
82122,190.72002414901604
83537,1.1109
79364,1.0051
86774,2.06309999999999
75666,0.2645
83525,21.586448211399432
80298,0.9522
77973,1.2695999999998
81680,1.4811999999999894
83514,189.70222268690978
81678,1.1108999999999896
81224,1.058
82141,0.4232
86306,0.6348
82130,140.1229541034777
83050,193.76111063989887
75205,0.2116
81683,1.058
83063,4.940203119998247
77508,1.2695999999998
84440,198.30252553997158
81676,1.4062558799994516
82149,1.1109
75667,0.2116
86761,221.87481950308822
86773,1.90439999999999
85832,232.37367920712
83529,1.9651454149984
79361,0.529
86316,2.1825173799995903
83536,1.1109
76585,1.2696
77514,2.16889999999924
76120,1.2696
79832,0.9522
80294,0.9522
78438,2.16889999999924
86768,1.56988296986727
84918,1.6707558799998001
83075,1.1109
83060,70.25591529153716
76594,1.1638000000000002
76125,1.2696
83994,0.5819000000000001
75204,0.2116
79830,0.9522
80297,1.058
82150,1.058
82137,3.1416031199982473
85377,8.6788533499978
82131,111.8362250174312
75658,1.2696
82594,132.22068244757781
77051,1.4034362205564002
86315,1.48119999999999
83048,202.38088240011623
87224,214.16893146229842
77046,1.2696
83067,0.5819000000000001
84904,187.1634947951357
81206,62.73357954643728
80737,125.84294687151167
82127,173.4095177040208
86291,333.2050262784703
83047,210.38151359011323
78902,1.00509999999944
78441,0.95219999999944
84437,211.82242699293604
85841,4.9995327223208
83056,161.8287297625818
82121,193.10911411739136
77515,1.90439999999924
81196,174.7873531686293
78908,1.16379999999944
77517,1.16379999999944
83992,2.0180454149984
79367,0.9522
85365,219.30933167672455
77978,1.7456999999992402
79372,1.1638000000000002
81675,2.0709454190718617
84906,170.91709850129058
84462,0.1587
81662,179.91621775318407
84456,0.5819000000000001
84451,20.827597627522266
82584,199.01732089911664
83534,1.1109
84900,220.43255541430457
83522,88.59438631026504
76582,1.2696
75656,1.2696
81209,5.934663225914751
82610,1.1109
76587,1.2696
82611,1.1109
75660,1.2696
83513,194.1340446553933
77976,2.22179999999924
75203,0.2645
84917,2.4941454149983002
82144,1.3225
76589,1.2167000000000001
81207,37.61178808021309
87222,268.6460840555029
75201,1.1638000000000002
81198,176.4487451996627
81668,90.09131856865767
85831,240.01889311855626
79368,0.9522
85368,214.43706245237223
84439,207.02014391265453
82146,1.1109
84908,158.4968837573161
81672,12.718094790251753
81679,1.4811999999999894
85369,212.25604435652366
83074,1.1109
76586,1.2696
82126,177.9060177040208
85385,0.1586999999999
77980,1.05799999999944
77513,1.7469637665231401
86763,124.58583635822893
79371,1.058
81659,185.5153073891093
82143,1.5341
78437,1.2695999999998
78899,1.2695999999998
85851,1.4811999999999002
85852,1.4811999999999002
76581,1.2696
86758,269.5738533925271
81200,158.45497118941645
80285,0.5819000000000001
84454,2.5778948550007
82123,190.94195678402215
84001,1.1109
84465,0.9522
84901,207.1055965111884
76118,1.2696
81684,1.058
82145,1.1638000000000002
77045,1.2696
86756,299.24400495620336
81663,173.51522339958836
77983,1.16379999999944
81204,88.74527855087307
81669,80.12015308643927
85362,259.2057919911411
80295,0.9522
78444,1.16379999999944
76584,1.2696
85390,0.26449999999990004
84921,0.1586999999999
81681,1.1109
83999,1.1109
84902,204.7695511227909
79369,0.9522
82597,61.367633638721806
78905,0.95219999999944
83526,5.75778240871523
84445,159.26776334320724
84920,0.37029999999990004
82125,179.7046177040208
76123,1.2696
82606,1.5341
83538,1.1109
77520,1.16379999999944
75664,1.1638000000000002
75665,1.1638000000000002
86776,2.06309999999999
83989,6.13138624887853
83530,0.5819000000000001
84464,0.9522
85849,1.3224999999999
83997,0.529
84446,150.77890320013395
82128,169.4420177040208
75202,1.1638000000000002
85364,224.59391586400463
80284,1.4118487900032801
85388,0.26449999999990004
75199,1.2696
79831,0.9522
81658,188.4453241941055
87221,279.5870954383923
82587,191.4788021990209
79370,0.9522
82602,2.2296454149984473
80742,55.39260817745947
84922,0.1586999999999
76592,1.1638000000000002
82586,196.28982777315724
85848,1.5340999999999
78906,0.95219999999944
83523,76.36425299153781
75200,1.2696
83052,180.5173688294041
83977,192.88934459803156
81205,79.09332128844848
83979,178.24458541265514
83517,175.22843144012026
80735,134.9383193491046
82608,1.1638000000000002
84928,0.1586999999999
83539,1.1109
82588,183.2310776689555
86759,250.5916009558109
83528,2.4941454149984
86290,334.1668835428305
86753,364.07187615147103
85386,0.1586999999999
83054,173.1653314375841
82147,1.1109
83049,198.2537626470863
77044,1.2696
82607,1.3225
83996,0.2116
83519,163.53050011012056
84463,0.7935000000000001
82609,1.1109
83998,1.058
84925,0.1586999999999
87215,361.4172199563817
78896,1.6927999999998
82605,1.3754
82601,2.683694855000747
80740,85.16264146143878
84461,0.1587
83974,216.85589976406052
81195,151.63923283250296
84460,0.1587
82589,178.4879177040211
83072,1.1109
82591,173.0066314375838
78436,1.2695999999998
83065,2.335445414998447
83990,4.2177948550007
87220,283.6956998843184
80738,116.55268676546613
83076,1.1109
78443,0.95219999999944
83064,3.0010948550007472
82142,1.4283000000000001
80739,97.38018446547476
83975,212.6972691990895
87218,341.70498794120175
85387,0.1586999999999
87217,356.128275286497
84466,0.1587
83980,176.23438541265514
83511,214.69794963428072
83053,178.3292177040211
83518,169.84444251512096
83510,221.68343672428082
84923,0.1586999999999
84436,224.20089566873716
86310,1.90439999999999
86293,290.6674862510705
82148,1.1109
82590,177.4828177040211
86294,273.18100199964334
81687,1.058
83058,114.147136023857
86292,312.31606639637783
83973,225.54507723231268
81682,1.058
82604,0.5819000000000001
87216,369.45720631666296
77091,3.9022246200048003
84469,0.1587
82153,1.058
79380,0.529
80764,0.9522
85873,2.5281415999996
83557,0.0
81240,0.0
82633,0.0
86326,12.26209683499342
80767,0.9522
82152,1.058
84938,0.3703
83085,0.0
83548,0.0
84934,0.9658173799995
85402,8.380819924996628
82620,0.0529
75221,0.37773877500156
86349,3.86329217500072
85867,8.539519924996627
84939,0.3174
85407,0.2116
83104,0.1058
84945,0.1058
81696,0.0
74771,1.0579999999999001
86783,12.63239683499342
85404,0.8992137013602564
79846,0.0
81707,0.0
83552,0.0
83087,0.0
75696,0.4232
82174,0.0
85871,2.4752415999996003
80792,1.3754
77059,1.1638000000000002
83558,0.0
76598,0.2645
82624,0.0
75214,0.6877
84483,0.1058
86334,3.0571416
81227,1.058
77987,1.16379999999944
84944,0.1058
85870,2.6339415999996003
85395,4.3573769099971
85414,0.4761
75220,0.64223877500156
79870,3.5134759750039
84473,0.0
77090,2.3681246200048003
83549,0.0
85858,11.680196834993508
83571,4.23359217500072
84496,3.86329217500087
85415,0.8464
83088,0.0
80312,0.0
81699,0.0
79405,3.2381974849992003
81248,0.0
81714,0.0
85869,1.0051
79848,0.0
86333,3.2687416000000002
83090,0.0
81715,0.0
82169,0.0
84954,0.418602040896
76162,0.2116
79379,1.1638000000000002
85424,3.96909217500087
85422,3.96909217500087
81720,4.3378000000003
82183,4.761
81703,0.0
81228,1.058
83546,0.1058
81692,1.058
84941,0.0
81249,0.0
84940,0.1058
79376,1.1638000000000002
84484,0.1058
84477,0.0
81709,0.0
85394,3.0289173799994003
82161,0.0
84013,0.0
75225,0.32483877500156
76139,0.2645
77985,1.16379999999944
82628,0.0
85878,1.4121085749966
81258,5.0367974849995
78481,3.9022246200048003
83096,0.0
85409,0.6766415999996
75229,0.16613877500156002
76612,0.16613882556172002
81247,0.0
82166,0.0
84953,0.1587
79845,0.0
79847,0.0
79849,0.0
79850,0.0
80306,0.9522
80307,0.0
80308,0.0
80313,0.0
80314,0.0
80768,0.9522
80769,0.9522
80770,0.0
81231,0.9522
82167,0.0
78014,0.0529
77060,1.1638000000000002
81238,0.0
85868,2.4333999999999767
85406,0.3174
80778,0.0
84958,3.96909217500087
86786,12.52659683499342
76596,1.1638000000000002
75212,0.6348
82182,4.073300000000001
79843,1.1109
80309,0.0
83109,4.381147698224121
85408,0.4761
84482,0.1058
79867,2.8678974849992
84014,0.0
84493,1.3769921750007201
86341,2.2585085749966
81710,0.0
85397,11.627296834993627
81711,0.0
74760,0.37773877500156
79374,1.1638000000000002
75233,0.5818999999999
78941,2.7620974849992
85405,0.2116
84942,0.0
75209,0.2645
80796,5.4070974849995
82615,1.058
76629,3.21452462000474
75698,0.4761
85866,8.634596551152226
86320,12.050496834993421
74762,0.32483877500156
81717,0.4761
80772,0.0
78480,3.1087246200048
84012,0.0
82176,0.0
82157,0.9522
85875,2.4701085749966003
84006,0.1058
83543,1.058
75685,0.27193882556172
83081,1.058
83550,0.0
80320,0.0
84948,0.2645
85411,1.0469415999996001
84943,0.0
78914,1.1638000000000002
76148,0.27193882556172
80766,0.9522
81697,0.0
81239,0.0
75216,0.7935000000000001
83080,1.058
78913,1.1638000000000002
86789,12.73819683499342
81244,0.0
86335,2.8455416000000002
78015,2.8149974849992003
74764,0.27193877500156
76134,0.2116
82636,0.0
79869,3.2381974849992003
82154,1.058
86330,9.38591992499642
86785,12.73819683499342
84472,0.1058
84022,0.1058
86323,12.10339683499342
78911,1.1638000000000002
85889,4.33939217500072
76163,0.2116
79383,0.1058
80777,0.0
74765,0.16613877500156002
76135,0.2116
84963,4.2335921750008705
82634,0.0
81693,0.9522
86331,10.69736152499602
81689,1.058
78916,1.1638000000000002
85413,0.6766415999996
81233,0.0
77092,3.9022246200048003
75222,0.27193877500156
82617,1.058
77522,1.16379999999944
77553,3.1616246200048
81259,5.6199984683332005
80303,1.1638000000000002
75684,0.27193882556172
85865,10.154202034994126
75683,0.27193882556172
81237,0.0
84952,0.1587
81235,0.0
81702,0.0
77088,0.0529
75240,2.2094246200047003
81700,0.0
81701,0.0
86328,12.36789683499342
86321,12.26209683499342
76625,0.0529
80311,0.0
78479,3.0373759750039
84034,4.23359217500072
75215,0.6877
75232,0.5818999999999
76164,1.8920246200047401
80781,0.0
85872,2.4752415999996003
75211,0.3703
83541,1.1109
84485,0.1058
82155,1.058
82160,0.0
83560,0.0
84955,1.58859217500087
86329,10.78900203499392
83559,0.0
74776,2.0923271350055
86336,2.7926416
79868,3.2381974849992003
74767,0.32483877500156
85403,3.4945480994938065
84035,4.23359217500072
80765,0.9522
75230,0.27193877500156
85857,10.67509683499355
74774,1.0337361406833
84946,0.1058
81255,1.8192138540031
84950,0.2645
81243,0.0
78942,2.8678974849992
74777,2.3568271350055
74770,0.8992999999999001
85861,11.838896834993626
83097,0.0
83078,1.1109
80300,0.9522
86325,12.20919683499342
80329,1.7986
86332,5.1731416
78920,0.2116
82163,0.0
81234,0.0
85874,2.4223415999996
79381,0.2116
76597,0.4761
82638,0.0
84007,0.1058
76627,1.83912462000474
83551,0.0
76166,3.00292462000474
75687,0.27193882556172
85859,11.944696834993627
85880,2.00665914999787
80317,0.0
81719,3.6501000000003003
79871,3.9022246200048003
79406,3.5134759750039
77554,3.9022246200048003
80782,0.0
81695,0.0529
75686,0.27193882556172
81712,0.0
84499,4.2335921750008705
83556,0.0
75675,0.3174
84489,0.1058
78943,3.5848246200048
85879,1.5818669749971501
84026,0.0
81722,5.5128974849998
79841,1.1638000000000002
75672,0.2645
81241,0.0
81708,0.0
75701,1.5733003910099401
77555,3.8493246200048
83089,0.0
79384,0.0
84492,1.3769921750007201
75670,0.2116
74763,0.32483877500156
82170,0.0
78017,3.2674246200048
79387,0.0
79404,2.8678974849992
83084,0.0
80793,2.8566000000000003
78013,0.0529
84962,4.2335921750008705
86327,12.20919683499342
75703,2.57972462000474
85887,3.96909217500072
84931,0.48971737999950005
75678,0.5752696667195001
74761,0.27193877500156
84960,3.96909217500087
85423,3.96909217500087
82646,4.5509921750007205
84009,0.1058
80776,0.0
82645,3.6516921750007203
79385,0.0
75676,0.3703
80775,0.0
83106,3.12269217500072
82629,0.0
79386,0.0
82164,0.0
80332,4.2961974849992
75213,0.6348
75673,0.2645
86322,12.10339683499342
76611,0.16613882556172002
79375,1.1638000000000002
77551,0.0529
85882,2.16535914999787
83092,0.0
75217,0.9067387750015601
80321,0.0
85426,4.2335921750008705
84475,0.0
75677,0.4761
82171,0.0
75210,0.3174
83079,1.058
86340,2.5230085749966
83093,0.0
82181,2.9624
83086,0.0
81698,0.0
85877,1.6237085749966
75218,0.9067387750015601
82158,0.0
76137,0.2645
78016,3.1616246200048
81242,0.0
84005,1.1109
76160,0.0529
82618,1.058
80774,0.0
81706,0.0
84936,1.8651173799996563
85863,11.838896834993626
82172,0.0
81260,5.6715974849998005
86339,2.9991085749970003
81721,5.2371000000006
75239,2.0923271350055
81694,0.9522
84949,0.2645
85883,1.9059921750008701
76165,2.31522462000474
74772,0.9521999999999
83091,0.0
85418,1.6943921750008701
86338,2.9991085749970003
84951,0.1587
85884,3.86329217500087
85881,2.16535914999787
76133,0.2116
75697,0.4761
85416,0.947066974997
84937,1.1637999999999564
85412,0.8353415999996
83574,5.132892175000721
84024,0.1058
81230,0.9522
79856,0.0
80779,0.0
85396,10.886696834993607
74775,1.1108999999999
75238,1.0579999999999001
77062,0.2645
85862,11.838896834993626
86337,3.210708574997
82647,5.29159217500072
83547,0.0
82184,4.761
85427,4.2335921750008705
74769,0.74803877500146
75227,0.16613877500156002
77063,0.2116
76626,0.42319999999994
82630,0.0
81690,1.058
81705,0.0
84479,0.0
75702,2.31522462000474
80771,0.0
84491,0.0
82631,0.0
84471,0.1058
76161,0.2116
84498,4.2335921750008705
78018,3.8493246200048
84017,0.0
85419,1.64149217500087
82616,1.058
81232,0.6877
82648,5.29159217500072
75236,0.7934999999999001
81704,0.0
77523,1.16379999999944
83570,4.18069217500072
84028,0.0
84016,0.0
83567,0.4761
75237,0.7934999999999001
85860,11.944696834993627
75671,0.2645
85410,0.7824415999996001
81716,0.1058
82165,0.0
81246,0.0
81257,4.6552000000003
77526,0.3703
76599,0.2116
81713,0.0
75224,0.27193877500156
76613,0.16613882556172002
86784,12.685296834993421
75208,0.2645
80783,0.0
79866,1.6928
83112,5.29159217500072
82156,0.9522
75688,0.27193882556172
80315,0.0
82168,0.0
84015,0.0
76628,3.00292462000474
79838,1.1638000000000002
80784,0.0
84021,0.0
74766,0.27193877500156
84480,0.0
82177,0.0
79840,1.1638000000000002
84478,0.0
76150,0.16613882556172002
80319,0.0
76143,0.3703
80318,0.0
75689,0.21903882556172002
84023,0.1058
84935,1.0924245654259002
79861,0.0
81253,0.1058
78012,0.0529
77079,0.1587
78937,0.0
75692,0.16613882556172002
76156,0.16297476206011
78933,0.0
78006,0.0529
77533,0.2645
78927,0.0
77995,0.2645
76624,0.0529
76614,0.16613882556172002
75693,0.16613882556172002
77549,0.0529
78924,0.0
76610,0.21903882556172002
78453,1.16379999999944
80785,0.0
79400,0.0
79863,0.0
76619,0.1587
78931,0.0
75694,0.1587
77542,0.1587
78932,0.0
75695,0.2645
77988,1.16379999999944
77535,0.0529
78926,0.0
77539,0.1058
78454,0.2116
78455,0.2116
80326,0.0
79857,0.0
79393,0.0
77077,0.11323877500156
78005,0.1058
78467,0.0
79397,0.0
79398,0.0
81251,0.0
79865,0.1058
78007,0.0529
77085,0.0529
77073,0.1587
77070,0.2645
77990,0.2645
75681,0.58933882556172
77994,0.2645
78452,1.16379999999944
79860,0.0
76145,0.37773882556172
78928,0.0
80790,0.1058
75680,0.6348000000001001
79859,0.0
76601,0.2645
78939,0.0
78476,0.0529
85888,3.96909217500072
78461,0.0
78001,0.0
76140,0.3174
76146,0.27193882556172
77541,0.1058
79391,0.0
76606,0.3174
75682,0.37773882556172
77530,0.2645
77527,0.2116
77996,0.1587
79392,0.0
76618,0.1587
75228,0.16613877500156002
77550,0.0529
77084,0.0529
75690,0.16613882556172002
76617,0.16613882556172002
77548,0.0529
77529,0.2645
78451,1.16379999999944
77525,1.16379999999944
76621,0.1587
78010,0.0529
77081,0.1587
77075,0.16613882556172002
78460,0.0
81250,0.0
78003,0.1058
75679,0.6348000000001001
78471,0.0529
80328,0.1058
75231,0.27193877500156
76615,0.16613882556172002
77080,0.1587
78472,0.0529
76605,0.3174
76609,0.21903882556172002
76608,0.3174
76159,0.1587
80786,0.0
79855,0.0
78930,0.0
78000,0.0
77065,0.2645
76142,0.3174
76158,0.1587
79403,1.9044
77087,0.0529
77534,0.0529
76602,0.2645
76603,0.2645
78456,0.2116
79395,0.0
79858,0.0
76144,0.4761
77066,0.2645
77532,0.2645
79394,0.0
78938,0.0
77069,0.2645
79402,0.0
80324,0.0
77078,0.1587
78925,0.0
77068,0.2645
79389,0.0
78450,1.16379999999944
79399,0.0
77546,0.0529
80325,0.0
78469,0.0
77076,0.16613877500156002
78935,0.0
76141,0.3174
77064,0.2116
80322,0.0
76153,0.16613882556172002
76157,0.1587
75691,0.16613882556172002
80302,1.058
77074,0.1587
84964,4.2335921750008705
84037,4.23359217500072
83545,0.1058
81236,0.0
83553,0.0
78919,0.2116
84957,1.4827921750008701
86788,12.52659683499342
84468,0.1587
82632,0.0
83095,0.0
84947,0.1058
80333,4.7722974849992
78921,0.1058
84474,0.0
75235,0.6347999999999
79844,0.2116
82622,0.0
82627,0.0
79842,1.1638000000000002
75234,0.6347999999999
84018,0.0
83544,0.8993
82185,5.1313
83107,3.6516921750007203
83098,0.0
83082,0.8993
75674,0.3174
80773,0.0
77986,1.16379999999944
85421,3.86329217500087
83100,0.0
78448,1.16379999999944
75223,0.27193877500156
83554,0.0
82619,1.058
82621,0.0
80305,0.9522
75207,0.2645
75226,0.27193877500156
76138,0.2645
85400,10.048402034994126
83561,0.0
82173,0.0
82635,0.0
78917,0.2645
84033,4.23359217500072
75219,0.8009387750015601
80797,5.4070974849995
77552,1.5453974849992
84011,0.0
81229,0.9522
82649,5.6618921750007205
78912,1.1638000000000002
82639,0.0
82640,0.0
83566,0.0
82186,5.565797484999201
78915,1.1638000000000002
79378,1.1638000000000002
83110,4.60389217500072
79852,0.0
84481,0.0
78923,0.0
82175,0.0
84019,0.0
86347,2.2182591499977202
84029,0.3703
84487,0.1058
80301,1.058
83565,0.0
83094,0.0
74773,1.0050999999999
86787,12.63239683499342
83555,0.0
86342,2.1527085749966
81254,0.1058
82623,0.0
80310,0.0
82180,2.116
81256,4.1262000000003
84010,0.0
76623,0.0529
84495,3.81039217500087
85425,4.33939217500087
83575,4.70969217500072
77089,1.2279974849992001
82162,0.0
78918,0.2116
78922,0.0
84470,0.1058
77989,1.16379999999944
86345,2.16535914999772
75700,0.4761
83568,2.17049217500072
78478,2.7620974849992
83102,0.0
80780,0.0
79407,3.5848246200048
80304,1.1638000000000002
82179,0.1058
84486,0.1058
84476,0.0
77061,1.1638000000000002
81245,0.0
83563,0.0
74768,0.58933877500146
77544,0.1587
77536,0.1587
79388,0.0
84933,0.9129173799995001
77991,0.2116
76607,0.3174
79401,0.0
78004,0.1058
78929,0.0
78009,0.0529
76620,0.1587
77072,0.1587
78458,0.2116
80789,0.0
77071,0.1587
77992,0.2116
80327,0.0
78457,0.2116
77540,0.1058
76147,0.27193882556172
77082,0.1587
77545,0.1587
78475,0.0529
79854,0.0
77086,0.0529
76154,0.16613882556172002
80787,0.0
77547,0.0529
76151,0.21903882556172002
77083,0.1587
79390,0.0
77537,0.1587
78474,0.0529
78008,0.0529
78462,0.0
78934,0.0
76152,0.21903882556172002
76155,0.16613882556172002
83108,3.6516921750007203
75699,0.4761
84030,0.84799217500072
81691,1.058
85886,3.96909217500072
81718,2.7508000000003
84488,0.1058
79382,0.2116
76136,0.2116
78477,0.2116
83103,0.0
83572,4.23359217500072
76149,0.27193882556172
79377,1.1638000000000002
86344,2.32405914999772
84025,0.1058
84008,0.1058
82637,0.0
79837,1.1638000000000002
77524,1.16379999999944
83111,4.60389217500072
84020,0.0
84032,3.8103921750007204
78944,3.6906246200048
79851,0.0
85876,2.3643085749966
83101,0.0
81226,1.058
84956,1.4827921750008701
83569,3.28139217500072
79839,1.1638000000000002
82626,0.0
76600,0.2116
82159,0.0
80763,1.058
78940,1.7457
83562,0.0
85401,9.240837304996127
85417,1.4812000000001502
84031,3.06979217500072
82643,2.9095
78465,0.0
78464,0.0
78468,0.0
78473,0.0529
78011,0.0529
80788,0.0
79864,0.0
78463,0.0
82641,0.1058
79862,0.0
81252,0.0
76616,0.16613882556172002
78002,0.1058
78466,0.0
78936,0.0
77528,0.2116
80791,0.1058
76604,0.2645
77538,0.1587
78459,0.0
78449,1.16379999999944
85420,1.4827921750008701
84036,4.23359217500072
84497,4.2335921750008705
83105,0.6668754863874
80794,4.4548974849995
80316,0.0
82625,0.0
85864,11.794102034994127
85399,11.106402034994128
84959,3.96909217500087
82178,0.1058
84961,4.2335921750008705
86348,3.86329217500072
82642,0.2116
86343,2.20720074999732
86324,12.050496834993421
76622,0.0529
80795,5.3012974849995
77997,0.0529
79853,0.0
77999,0.0529
77998,0.0529
79396,0.0
77531,0.2645
77993,0.2116
78470,0.0
80323,0.0
77067,0.2645
83083,0.0
82644,3.44009217500072
80334,5.5765759750039
83573,4.49809217500072
83564,0.0
84494,2.85819217500072
81723,5.5128974849992005
84500,4.2335921750008705
84038,4.92129217500072
86346,2.16535914999772
84027,0.0
84932,0.8600173799994001
77543,0.1587
83542,1.1109
84501,4.2335921750008705
80331,3.2381974849992003
83099,0.0
85398,11.944696834993627
85885,3.86329217500072
80330,2.8678974849992
84490,0.1058
90473,158.43494942815124
88632,14.62459841499224
87707,12.98469841499246
89096,16.74059841499183
88148,219.06090848207486
89090,5.57049514920088
90018,11.06497513294985
88151,111.66279568188347
90472,188.06678071009952
88614,117.05002361168441
89545,105.25973943083767
90459,325.62520357917106
87704,6.98831217999858
88158,9.38496639583505
88621,17.18572873584152
90020,10.74027848999521
89558,16.10579841499183
90928,465.8303920652663
88164,4.23199999999978
88160,2.4217751057996
90458,323.83778712770413
90011,123.39689012521436
88633,15.78839841499224
90925,415.06493212564544
90474,146.76156452510935
87693,23.42680350402303
90926,445.8673856138735
89557,10.07085141499471
87706,11.52149683499346
87697,2.2630751057996
89540,170.30106232145334
88162,2.8004729282967
91384,414.20918673362996
89087,7.84502031580092
87696,4.2198392608359
90479,21.597935149895708
88626,4.3906999999997804
89547,66.18251719710433
88170,15.629698414992241
90481,16.98882346941088
88154,68.43765416263348
88166,5.7230726166505805
89084,27.28786410336722
90475,134.27830344916487
89999,281.5342799813534
90471,221.70184515532273
89079,119.97329183525021
88167,7.84877690999658
89551,8.003720315800921
89088,7.28857510579932
88163,4.1261999999997805
90460,323.0691699897831
88147,258.3773798494242
89082,67.87078776783075
88165,4.3906999999997804
90013,38.12364526082226
90923,385.6473960930221
89075,165.70136367920972
89080,101.90329408037486
88631,8.74835141499512
90466,353.75489519673874
88168,8.09527848999558
90482,14.05441630988904
89549,22.925099285836392
90924,398.4501456343241
88625,4.38457406079738
89543,137.70176164553646
88161,2.4217751057996
88622,9.09416693083425
91386,452.41653307707395
90927,454.96748722763454
90012,88.83763695312419
90465,357.71804375624333
87694,12.717585780839151
89081,76.83649627799416
88619,50.307355430540355
87699,1.9573
91387,471.73378098845706
90016,14.61205349489324
88617,85.67337502079306
90017,10.86083939989281
88623,7.817039260835751
88627,4.33779999999978
88150,124.29535515668697
88169,14.307198414992241
88153,82.50555530360619
89089,6.40089999999988
90921,364.9893297676087
88630,7.830778489995581
87700,2.0631
88157,19.22539945825575
90936,227.33162667436193
91388,524.1563967578171
89068,245.17628240172715
89085,18.79889928583646
88628,4.33779999999978
89095,15.947098414991832
88156,36.93232044539387
90462,322.3386908812885
90467,351.0210752216849
87695,7.6658669308341505
90001,273.84845299060413
88159,7.82456693083415
90929,428.6465355703004
90922,370.09911799284856
88613,134.2547348183135
90470,238.13587157425061
88612,140.22028402085056
87698,1.7986
90007,178.0155829973334
88610,169.75610328584565
90483,13.63121630988904
90477,47.08763644774182
90461,322.17327797639473
89556,10.052578489995211
90478,28.47361308251853
89086,15.310600305299351
90469,266.166395742074
90009,143.98473902966995
90484,17.057998414991832
89083,44.38432453560719
88624,4.7493751057993805
90919,378.9930611940726
87702,4.02039999999978
89546,84.69966962348433
90008,167.98027738469403
88620,30.86545450825921
88152,103.26025518815496
90000,271.0241871390958
89092,6.81161375999791
89550,14.40845490757243
90476,118.56753936774892
89536,243.97647842242426
90480,20.08928993989411
88149,154.91299602664427
88618,59.77525106799205
88605,273.2584594878142
88606,255.94881406357032
89555,8.768913759997911
90463,339.29334686270244
90937,179.1174948792424
87703,4.45721737999938
89070,251.61265205807254
87705,7.161076909996581
89535,253.56959242198877
89078,120.54178935005399
88155,48.82836392299167
88615,111.09329383188236
89532,271.4743217657634
89544,112.39666858756412
89998,286.2625224408482
89554,6.80610157999898
90014,23.519840601189028
91383,412.45012306824214
90934,273.20120022010656
90022,17.42829841499183
89067,242.69937308845715
90010,131.7818663307994
91385,434.856861180171
88616,100.55892006124076
90003,274.3389860634911
89530,257.8761641437931
90464,352.56778466179856
88629,6.494213759997581
89559,17.16379841499183
89553,7.2472999999999805
89073,203.43902488986566
90920,366.8936339514835
90021,16.26449841499183
89997,294.28994779255544
90015,17.661784262192548
88145,283.5268337653543
90930,401.99217637782516
90485,17.586998414991832
90002,276.1475673442464
89537,234.0336224787057
89552,7.40599999999998
88146,274.36787381162276
90935,257.73479423864995
89542,148.6470731078297
87701,2.1689000000000003
90931,371.55048434523104
88144,300.0021257860244
90468,318.0857101110423
90006,208.24847823173215
89076,149.56318758847067
89074,188.9237965589949
89541,142.8418968362538
90019,11.745378489995211
89548,37.51330413690367
89077,128.53392717668422
89996,303.0043322372505
89094,10.01795141499471
88609,200.43474932341138
89538,225.9628665105268
90456,339.0991914629355
89995,309.8052014093986
90457,330.70948997649214
89531,275.4335199639169
90933,279.8038246774126
89091,5.53650157999898
88604,278.8653981053498
90004,235.58499837734539
89993,301.180043636472
88141,306.37623342832455
88608,231.36303231642128
88611,157.69191373099036
88143,310.1541615042642
90938,155.1616909759502
89069,250.85910208058297
89072,219.0815967578075
90932,310.6953645158593
88607,241.08695279124433
90005,222.59818981569097
89093,8.14817848999521
89994,316.70418571599095
88142,315.85524716583467
89071,241.9244562402149
89533,271.03142755820045
89539,204.33526183007206
89534,262.9234716722997
90939,138.8707011765563
87257,17.593942106938368
87717,20.58762268999796
88179,21.88285207390144
87716,17.95550786499686
87709,13.936898414992461
87256,18.85324221798907
87259,12.333212030003049
90039,15.025979004999401
88178,19.48960786499686
90494,34.12807125499775
87261,6.1516641799993
88644,25.75910886499658
88653,6.9851790050006
90028,29.40608718999666
87710,13.09049841499246
88193,3.5264531499963003
87258,15.741431954999468
88180,23.654167264996982
88172,13.83109841499246
87254,16.42140786499642
88174,13.249198414992462
90037,24.519861849997742
89113,13.315891210033701
88643,25.13536726499698
87255,17.95550786499647
87719,22.95540886499726
88663,2.05955914999772
90030,31.14740212499776
88658,3.6339085749966
89573,23.95715960499854
90027,24.846750083155772
88652,10.317879005000801
89122,3.0520085749967003
88181,24.33080886499658
89117,6.6148790050001
89120,3.997751625358
87711,13.143398414992461
87718,22.63800886499726
88635,16.26449841499224
88197,2.89490074999732
88657,4.0554531499963
87728,4.3728531499963
87266,3.2904179499949002
89567,27.73772238999847
87262,5.199464179999301
87729,3.7909531499963003
88654,5.7284641799995
89106,26.51293018499717
87712,12.98469841499266
87733,2.8420007499973203
90038,17.14414192500092
89111,22.40169892999602
88189,7.090979005000601
87715,14.27229683499366
89566,26.496587189996472
87732,3.3694085749966
89577,12.3880821228278
89578,11.5345790050001
89570,29.041071784996973
90491,32.96592667999805
87730,3.2904179499945
87738,2.2182591499977202
88201,2.11245914999772
87276,3.86329217500072
87720,20.847514064998062
89102,21.766098414991152
88188,10.1591790050008
88655,4.7762641799995
89561,17.53409841499123
87739,1.8001921750007202
89571,28.88237178499697
90493,33.96937125499775
89124,2.05955914999782
89116,9.8946790050001
90035,31.16704182531707
87725,7.1615285744966
87263,4.9878641799993
89114,11.7990790049995
89572,28.43418027198387
89109,26.23737178499677
89569,29.369530184997373
90489,27.48627082151923
88184,20.29083195500046
89107,26.92507178499677
89103,24.27478718999647
87277,3.86329217500072
90031,31.33291149999566
89586,2.3114085749967
88639,15.259398414992662
87723,11.746179005000801
89098,16.89929841499113
87275,2.85305914999772
89585,3.0520085749967003
88182,24.54240886499658
89119,4.3728531499963
87260,7.4123570765888
89576,14.391179004999401
90025,19.12109841499123
87727,5.0407641799995
87721,19.07413195500046
87273,2.2182591499977202
87726,5.6755641799995
89099,17.00509841499113
90029,30.80556692499605
87724,8.8366790050008
88647,22.52669668499778
88190,5.8342641799995
89112,18.199979004999403
88191,5.0407641799995
88662,2.05955914999772
88645,25.75910886499658
89584,3.8967531499964
90034,31.868851519996273
89110,23.36147360780772
87265,3.7630525700407
88198,2.3769591499977203
88175,13.40789841499266
87264,4.267053149996101
88194,3.7665179499945003
87735,2.32405914999772
89562,18.01019841499123
87278,3.86329217500072
89115,10.5294790050001
87740,2.91109217500072
89574,23.14446184999754
88659,3.2636085749966
88638,13.725298414992661
89123,2.4701085749967002
86814,3.86329217500072
88196,3.31810074999732
87737,2.11245914999772
89108,26.55477178499677
87271,2.42985914999772
90032,31.75611149999566
90036,26.760859604998743
88186,13.4918790050008
88649,16.771679005000802
89581,5.8742790050006
87268,3.1790878281137003
86815,3.86329217500072
87274,2.27115914999772
88661,2.32405914999772
87270,2.89490074999732
89125,1.9537591499978202
88183,23.0508021178546
90488,20.657361334992842
88656,4.0025531499963005
89118,5.1465641799995
90496,34.299944346490264
88173,13.407898414992461
90487,18.96239841499123
88648,20.87673435394728
88199,2.16535914999772
88660,2.63040074999732
88200,2.11245914999772
88642,24.236067264996983
88185,19.81473195500046
90495,34.65707125499775
89105,26.12463176499617
88650,12.4338790050008
89568,28.87543176499637
89565,24.96248718999647
88640,21.111509444995182
87736,2.16535914999772
88177,14.994898414992662
87722,18.54978836935366
90026,22.82626133499265
88637,13.566598414992662
88192,4.3728531499963
87714,13.055596834993661
88195,3.5281085749966
87713,12.89689683499366
89575,18.9934790049994
89121,3.7665179499946
88646,25.653308864996582
89104,24.96248718999647
87269,2.9991085749966
88176,13.51369841499266
90497,33.50875151999626
89101,16.26449841499125
87731,3.6339085749966
88651,10.8997790050008
87734,2.52460074999732
90024,18.16889841499123
88636,13.61949841499246
89563,18.01019841499113
90033,32.08045151999626
87272,2.27115914999772
89100,14.57169841499125
88187,11.375879005000801
87267,3.1049085749970002
88641,23.32042426999628
90492,33.44202667999805
90499,28.357874610000042
89564,21.239261334992673
89582,4.7762641799995
89583,3.7909531499963003
90498,31.2285393399973
90490,31.64719009294685
74784,3.5032559250038
77097,4.3783246200048005
76635,4.66705592500374
74781,3.0800559250038
77095,3.9551246200048
77558,3.9551246200048
75244,3.0800559250038
76172,4.085155925003741
75705,3.4790246200047403
78020,3.8493246200048
75245,3.8735559250038003
81262,5.5657974849998
75246,3.8735559250038003
80337,5.6479246200048
78947,4.3254246200048
78022,3.9551246200048
78948,4.3254246200048
77557,3.8493246200048
76168,3.10872462000474
76169,4.00802462000474
74779,2.5797246200047
75242,2.968459216568
75708,3.8735559250037404
75710,4.56125592500374
78021,3.8493246200048
75248,3.8735559250037404
79874,4.5370246200048
77561,4.3783246200048005
78946,4.3254246200048
80800,5.753724620005101
77559,3.9551246200048
75247,3.8735559250038003
77096,4.3783246200048005
80799,5.6823759750042
74783,3.5032559250038
79873,4.5899246200048
78485,4.3254246200048
74780,2.9742559250037
75706,3.76775592500374
77560,4.0609246200048
77098,4.6670559250038
74782,3.5032559250038
74785,3.3445559250038
75709,4.56125592500374
76634,4.66705592500374
81725,5.6715974849992
81263,5.5657974849998
82188,5.6186974849992
76631,3.95512462000474
76632,4.37832462000474
80336,5.6479246200048
76170,4.40255592500374
82651,5.55609217500072
82189,5.565797484999201
76633,4.37832462000474
75243,3.0800559250038
76173,4.45545592500374
75707,3.76775592500374
79410,4.3254246200048
77094,3.9551246200048
76171,4.40255592500374
79411,4.3254246200048
78483,4.3254246200048
78484,4.3254246200048
74786,3.0687584400046
78023,3.9551246200048
87235,1.79859999999999
87236,2.06309999999999
86782,12.156296834993421
75194,1.2696
87233,1.5808740607975902
83077,1.1109
82614,1.1109
83540,1.1109
87241,4.33238290639199
87229,38.13226166251487
87245,13.267196834993412
87683,284.50268609078466
75197,1.2696
76132,0.2645
82151,1.058
87238,2.06309999999999
87244,12.47369683499341
87242,4.99217690999739
87243,6.01370574965159
84003,1.1109
87232,3.80416689892176
80299,0.9522
87689,90.74588298171908
77058,1.1638000000000002
77521,1.16379999999944
87691,56.3881634938153
81688,1.058
75206,0.2645
87234,1.69279999999999
87686,244.46214638784883
86319,11.04539683499342
87685,271.0314878938795
75198,1.2696
87684,273.44016185949897
87231,7.26896636392257
75195,1.2696
87239,2.06309999999999
79373,1.1638000000000002
85393,0.9658173799994001
75669,0.2116
80762,1.058
75196,1.2696
87237,2.06309999999999
78910,1.1638000000000002
76595,1.1638000000000002
87681,327.43830677558896
87687,179.36751126441334
81225,1.058
78447,1.16379999999944
87678,348.89725380312603
77984,1.16379999999944
75193,1.2696
87240,2.06309999999999
87680,352.2364553489352
85856,4.0399769099969
79836,1.058
87230,17.93411626452861
87688,109.5808092796781
84930,0.1586999999999
87679,357.20888921850894
87690,80.65560275497062
75192,1.2696
87682,292.60982301199084
84004,1.1109
84467,0.1587
74742,0.2645
86796,6.5799972050023
74756,0.6951387750015601
86795,13.21511712999832
86798,4.516897205002301
86797,4.9929972050023
86790,12.73819683499342
86794,13.42837255499862
76630,3.84932462000474
77093,3.8493246200048
74758,0.6951387750015601
74746,0.2645
86804,2.893308574997
74755,0.9067387750015601
86793,14.20771306499692
86791,12.84399683499342
78019,3.8493246200048
76167,3.10872462000474
86807,2.32405914999772
86352,3.96909217500072
86351,3.96909217500072
87248,12.89689683499342
74757,0.6951387750015601
74754,0.9067387750015601
78482,4.3254246200048
86792,13.584596834993821
74745,0.2645
74751,0.8464
87250,12.79109683499342
75704,2.57972462000474
86350,3.86329217500072
77556,3.8493246200048
75241,2.4210246200047
87246,13.00269683499342
84502,4.2335921750008705
74752,0.8464
84039,5.132892175000721
83576,4.60389217500072
86803,3.1049085749970002
74749,0.6348
78945,4.2725246200048
74753,0.8464
87247,13.10849683499342
74759,0.53643877500156
74778,2.4626271350055
84965,4.2335921750008705
87251,12.73819683499342
86811,2.85305914999772
79408,3.5848246200048
74748,0.6348
79872,4.4841246200048
74743,0.2645
74750,0.6877
82650,5.6618921750007205
86800,3.8438531499961
87253,12.89689683499342
81261,5.5657974849998
86808,2.32405914999772
86801,3.4491179499949003
82187,5.6186974849992
86809,2.16535914999772
86805,2.9462085749966
86802,3.2636085749970003
83113,5.29159217500072
87252,12.89689683499342
86799,4.4257531499961
80335,5.6479246200048
86810,2.2182591499977202
74747,0.3703
86806,2.63040074999732
81724,5.6715974849992
80798,5.4070974849995
86812,3.86329217500072
74744,0.2645
87249,12.73819683499342
87708,13.513698414992461
88171,14.70851662358784
88634,16.31739841499224
87692,40.67744360299511
89097,17.11089841499123
90023,17.798598414991233
90486,18.38049841499123
89560,17.48119841499123
86813,3.86329217500072
79409,3.9022246200048003
86754,352.60096652847284
