CONUS_10KM,LONG,LAT
74742,-100.46583536200001,39.9566191336
74743,-100.347858596,39.9607561784
74744,-100.229868418,39.964782547
74745,-100.111865189,39.9686982199
74746,-99.9938492712,39.9725031793
74747,-99.8758210264,39.9761974058
74748,-99.7577808171,39.9797808827
74749,-99.6397290052,39.9832535927
74750,-99.5216659543,39.9866155186
74751,-99.403592027,39.9898666447
74752,-99.2855075857,39.9930069558
74753,-99.1674129945,39.9960364363
74754,-99.049308616,39.9989550723
74755,-98.9311948146,40.0017628489
74756,-98.8130719541,40.0044597536
74757,-98.6949403981,40.0070457727
74758,-98.5768005108,40.0095208943
74759,-98.4586526568,40.0118851063
74760,-98.3404972002,40.014138397399996
74761,-98.2223345057,40.0162807571
74762,-98.1041649383,40.0183121747
74763,-97.9859888628,40.0202326405
74764,-97.8678066434,40.0220421457
74765,-97.7496186465,40.0237406809
74766,-97.6314252362,40.0253282387
74767,-97.5132267775,40.026804811
74768,-97.3950236367,40.0281703905
74769,-97.2768161795,40.0294249718
74770,-97.1586047711,40.0305685473
74771,-97.0403897774,40.0316011125
74772,-96.9221715636,40.032522662
74773,-96.8039504952,40.0333331917
74774,-96.6857269387,40.0340326975
74775,-96.5675012594,40.0346211761
74776,-96.4492738234,40.0350986248
74777,-96.3310449972,40.0354650411
74778,-96.2128151458,40.0357204232
74779,-96.0945846362,40.0358647703
74780,-95.9763538334,40.035898081
74781,-95.8581231038,40.0358203555
74782,-95.7398928138,40.0356315947
74783,-95.6216633282,40.0353317985
74784,-95.5034350143,40.0349209691
74785,-95.3852082373,40.0343991082
74786,-95.266983363,40.0337662182
75192,-102.005600521,39.9818438188
75193,-101.887685338,39.9874248135
75194,-101.769752001,39.9928952896
75195,-101.651800869,39.9982552217
75196,-101.5338323,40.003504583
75197,-101.415846656,40.0086433487
75198,-101.297844295,40.0136714947
75199,-101.179825578,40.0185889967
75200,-101.061790867,40.0233958312
75201,-100.943740521,40.0280919753
75202,-100.825674903,40.0326774065
75203,-100.707594373,40.0371521027
75204,-100.589499294,40.0415160426
75205,-100.471390028,40.0457692057
75206,-100.353266937,40.0499115711
75207,-100.235130384,40.0539431187
75208,-100.116980731,40.0578638294
75209,-99.9988183423,40.061673685
75210,-99.8806435804,40.0653726665
75211,-99.7624568096,40.0689607564
75212,-99.644258393,40.0724379372
75213,-99.5260486947,40.0758041929
75214,-99.4078280794,40.0790595065
75215,-99.2895969112,40.0822038624
75216,-99.1713555553,40.0852372462
75217,-99.0531043758,40.0881596427
75218,-98.9348437378,40.0909710381
75219,-98.8165740066,40.0936714188
75220,-98.6982955473,40.0962607716
75221,-98.5800087259,40.0987390842
75222,-98.4617139079,40.1011063449
75223,-98.3434114591,40.1033625417
75224,-98.2251017455,40.1055076644
75225,-98.1067851328,40.1075417024
75226,-97.9884619877,40.1094646457
75227,-97.8701326763,40.111276485
75228,-97.7517975648,40.112977212
75229,-97.6334570206,40.114566818
75230,-97.5151114093,40.1160452958
75231,-97.3967610976,40.1174126375
75232,-97.2784064538,40.1186688376
75233,-97.160047844,40.1198138894
75234,-97.0416856348,40.1208477873
75235,-96.9233201937,40.1217705266
75236,-96.8049518881,40.1225821023
75237,-96.6865810844,40.1232825112
75238,-96.5682081505,40.1238717498
75239,-96.4498334534,40.1243498147
75240,-96.3314573601,40.1247167039
75241,-96.2130802385,40.1249724157
75242,-96.0947024552,40.1251169491
75243,-95.9763243784,40.125150303
75244,-95.8579463753,40.1250724773
75245,-95.7395688127,40.1248834726
75246,-95.6211920583,40.1245832895
75247,-95.5028164794,40.1241719297
75248,-95.3844424433,40.1236493949
75655,-102.013070764,40.0709152557
75656,-101.895009669,40.0765034285
75657,-101.776930353,40.0819809426
75658,-101.658833174,40.0873477717
75659,-101.540718495,40.0926038896
75660,-101.422586676,40.0977492716
75661,-101.304438078,40.1027838933
75662,-101.186273064,40.1077077299
75663,-101.068091994,40.1125207579
75664,-100.949895233,40.1172229544
75665,-100.831683141,40.1218142966
75666,-100.713456083,40.1262947625
75667,-100.595214421,40.1306643304
75668,-100.476958519,40.1349229799
75669,-100.358688741,40.1390706896
75670,-100.240405449,40.1431074402
75671,-100.12210901,40.1470332116
75672,-100.003799787,40.1508479856
75673,-99.8854781441,40.1545517433
75674,-99.7671444475,40.1581444673
75675,-99.648799062,40.1616261396
75676,-99.5304423525,40.1649967443
75677,-99.412074685,40.1682562644
75678,-99.2936964256,40.1714046839
75679,-99.1753079397,40.1744419886
75680,-99.0569095938,40.1773681628
75681,-98.9385017541,40.1801831933
75682,-98.8200847869,40.182887066
75683,-98.7016590593,40.1854797676
75684,-98.5832249382,40.1879612858
75685,-98.4647827903,40.1903316089
75686,-98.3463329833,40.1925907247
75687,-98.227875884,40.1947386231
75688,-98.1094118602,40.1967752932
75689,-97.9909412795,40.198700725
75690,-97.8724645091,40.2005149095
75691,-97.7539819173,40.2022178376
75692,-97.635493872,40.2038095017
75693,-97.5170007405,40.2052898934
75694,-97.3985028916,40.2066590056
75695,-97.2800006941,40.2079168321
75696,-97.1614945156,40.2090633666
75697,-97.0429847245,40.2100986034
75698,-96.9244716894,40.2110225377
75699,-96.8059557789,40.2118351644
75700,-96.6874373611,40.2125364806
75701,-96.5689168049,40.2131264822
75702,-96.4503944785,40.2136051661
75703,-96.3318707514,40.213972531
75704,-96.213345992,40.2142285739
75705,-96.0948205686,40.2143732943
75706,-95.97629485,40.2144066914
75707,-95.8577692055,40.214328765
75708,-95.7392440036,40.2141395154
75709,-95.6207196126,40.2138389435
75710,-95.5021964016,40.2134270508
76118,-102.020559589,40.1599902554
76119,-101.902352222,40.1655856386
76120,-101.784126566,40.1710702224
76121,-101.665882981,40.17644398
76122,-101.547621829,40.1817068854
76123,-101.429343474,40.1868589138
76124,-101.311048278,40.1919000403
76125,-101.192736603,40.1968302402
76126,-101.074408814,40.2016494899
76127,-100.956065274,40.2063577663
76128,-100.837706347,40.2109550463
76129,-100.719332397,40.215441308
76130,-100.600943788,40.2198165298
76131,-100.482540886,40.2240806904
76132,-100.364124056,40.2282337688
76133,-100.245693663,40.2322757458
76134,-100.127250072,40.2362066012
76135,-100.00879365,40.2400263157
76136,-99.8903247618,40.2437348719
76137,-99.7718437747,40.2473322507
76138,-99.6533510544,40.2508184351
76139,-99.5348469684,40.2541934084
76140,-99.416331883,40.2574571541
76141,-99.2978061657,40.260609656
76142,-99.1792701842,40.2636508989
76143,-99.0607243054,40.2665808686
76144,-98.9421688971,40.2693995506
76145,-98.8236043274,40.2721069311
76146,-98.7050309645,40.2747029969
76147,-98.5864491768,40.2771877351
76148,-98.4678593324,40.2795611343
76149,-98.3492617993,40.2818231825
76150,-98.2306569472,40.2839738693
76151,-98.1120451447,40.2860131835
76152,-97.9934267602,40.2879411152
76153,-97.8748021636,40.2897576553
76154,-97.7561717231,40.291462795
76155,-97.6375358089,40.2930565264
76156,-97.5188947894,40.2945388409
76157,-97.4002490344,40.2959097317
76158,-97.2815989153,40.297169192
76159,-97.1629447999,40.2983172159
76160,-97.0442870584,40.2993537978
76161,-96.9256260605,40.3002789323
76162,-96.8069621763,40.301092615
76163,-96.6882957759,40.3017948423
76164,-96.5696272287,40.3023856105
76165,-96.4509569054,40.3028649164
76166,-96.3322851753,40.3032327587
76167,-96.2136124091,40.3034891347
76168,-96.0949389766,40.3036340429
76169,-95.9762652483,40.3036674834
76170,-95.8575915938,40.3035894556
76171,-95.7389183834,40.3033999601
76172,-95.6202459871,40.3030989976
76173,-95.5015747753,40.3026865697
76581,-102.028067066,40.2490690511
76582,-101.909713066,40.2546716776
76583,-101.791340708,40.2601633628
76584,-101.672950354,40.2655440802
76585,-101.554542368,40.2708138044
76586,-101.436117114,40.2759725095
76587,-101.317674956,40.2810201702
76588,-101.199216258,40.2859567621
76589,-101.080741385,40.2907822616
76590,-100.962250702,40.2954966455
76591,-100.843744575,40.3000998909
76592,-100.725223369,40.3045919746
76593,-100.606687449,40.3089728757
76594,-100.488137182,40.3132425728
76595,-100.369572935,40.3174010446
76596,-100.250995074,40.3214482715
76597,-100.132403966,40.3253842342
76598,-100.013799979,40.3292089119
76599,-99.8951834794,40.3329222878
76600,-99.7765548342,40.336524343
76601,-99.657914413,40.3400150598
76602,-99.5392625829,40.3433944221
76603,-99.4205997127,40.346662412
76604,-99.3019261708,40.3498190148
76605,-99.1832423255,40.3528642147
76606,-99.0645485463,40.3557979967
76607,-98.9458452017,40.3586203467
76608,-98.8271326613,40.3613312509
76609,-98.7084112951,40.3639306961
76610,-98.5896814722,40.3664186693
76611,-98.4709435621,40.3687951588
76612,-98.3521979351,40.3710601525
76613,-98.2334449614,40.3732136406
76614,-98.1146850108,40.3752556108
76615,-97.9959184538,40.377186054
76616,-97.8771456608,40.3790049607
76617,-97.7583670029,40.3807123221
76618,-97.6395828505,40.3823081299
76619,-97.5207935734,40.383792376
76620,-97.4019995432,40.3851650533
76621,-97.2832011321,40.386426155
76622,-97.1643987102,40.3875756751
76623,-97.0455926483,40.388613608
76624,-96.9267833181,40.3895399482
76625,-96.8079710909,40.3903546917
76626,-96.6891563372,40.3910578344
76627,-96.5703394293,40.391649373
76628,-96.4515207384,40.3921293038
76629,-96.3327006358,40.3924976254
76630,-96.2138794925,40.3927543354
76631,-96.0950576809,40.3928994328
76632,-95.9762355721,40.3929329169
76633,-95.8574135375,40.3928547875
76634,-95.7385919488,40.3926650449
76635,-95.6197711775,40.3923636901
77044,-102.035593264,40.3381518769
77045,-101.917092268,40.3437617794
77046,-101.798572845,40.3492605986
77047,-101.680035359,40.3546483081
77048,-101.561480175,40.3599248815
77049,-101.442907658,40.3650902934
77050,-101.324318174,40.3701445181
77051,-101.205712088,40.3750875315
77052,-101.087089766,40.3799193096
77053,-100.968451576,40.3846398284
77054,-100.849797882,40.3892490658
77055,-100.731129054,40.3937469986
77056,-100.612445457,40.3981336048
77057,-100.493747459,40.4024088635
77058,-100.375035429,40.4065727535
77059,-100.256309733,40.4106252543
77060,-100.137570741,40.4145663467
77061,-100.01881882,40.418396011
77062,-99.9000543407,40.4221142283
77063,-99.7812776711,40.4257209813
77064,-99.6624891807,40.4292162514
77065,-99.5436892384,40.4326000219
77066,-99.4248782145,40.4358722763
77067,-99.3060564787,40.4390329985
77068,-99.187224401,40.4420821731
77069,-99.0683823521,40.445019785
77070,-98.9495307024,40.4478458199
77071,-98.830669822,40.4505602639
77072,-98.7118000824,40.4531631039
77073,-98.5929218542,40.4556543267
77074,-98.4740355089,40.4580339208
77075,-98.3551414177,40.460301874
77076,-98.2362399518,40.4624581752
77077,-98.1173314832,40.4645028139
77078,-97.9984163832,40.46643578
77079,-97.879495024,40.468257064
77080,-97.7605677773,40.4699666571
77081,-97.6416350158,40.4715645508
77082,-97.5226971105,40.4730507373
77083,-97.4037544342,40.4744252093
77084,-97.2848073601,40.47568796
77085,-97.1658562603,40.4768389832
77086,-97.0469015068,40.4778782734
77087,-96.927943473,40.4788058251
77088,-96.8089825308,40.479621634
77089,-96.6900190536,40.4803256963
77090,-96.5710534131,40.4809180085
77091,-96.4520859829,40.4813985672
77092,-96.3331171361,40.4817673702
77093,-96.2141472448,40.4820244162
77094,-96.0951766825,40.4821697033
77095,-95.9762058217,40.4822032312
77096,-95.8572350356,40.4821249995
77097,-95.738264697,40.4819350089
77098,-95.6192951787,40.4816332598
77507,-102.043138254,40.4272389682
77508,-101.924489897,40.4328561798
77509,-101.805823045,40.4383621656
77510,-101.687138062,40.4437568987
77511,-101.568435314,40.4490403528
77512,-101.449715169,40.4542125019
77513,-101.330977993,40.4592733208
77514,-101.212224153,40.4642227847
77515,-101.093454016,40.46906087
77516,-100.974667951,40.4737875523
77517,-100.855866326,40.4784028087
77518,-100.737049507,40.482906617
77519,-100.618217866,40.4872989542
77520,-100.499371769,40.4915798
77521,-100.380511586,40.4957491327
77522,-100.261637688,40.4998069317
77523,-100.142750443,40.5037531775
77524,-100.023850221,40.5075878503
77525,-99.9049373925,40.511310932
77526,-99.7860123285,40.5149224038
77527,-99.6670753994,40.5184222479
77528,-99.5481269754,40.5218104472
77529,-99.4291674281,40.5250869852
77530,-99.3101971284,40.5282518457
77531,-99.1912164484,40.5313050133
77532,-99.0722257595,40.5342464724
77533,-98.9532254334,40.5370762092
77534,-98.8342158423,40.5397942091
77535,-98.7151973582,40.5424004596
77536,-98.5961703536,40.5448949468
77537,-98.4771352015,40.5472776595
77538,-98.3580922742,40.5495485854
77539,-98.2390419449,40.5517077129
77540,-98.1199845866,40.5537550323
77541,-98.0009205719,40.5556905325
77542,-97.8818502738,40.557514205
77543,-97.7627740667,40.5592260397
77544,-97.6436923238,40.5608260294
77545,-97.524605418,40.5623141652
77546,-97.4055137231,40.5636904398
77547,-97.286417614,40.5649548468
77548,-97.1673174637,40.5661073803
77549,-97.0482136464,40.567148034
77550,-96.9291065357,40.5680768026
77551,-96.8099965062,40.5688936819
77552,-96.6908839315,40.5695986678
77553,-96.5717691865,40.5701917573
77554,-96.4526526446,40.5706729464
77555,-96.3335346801,40.5710422337
77556,-96.2144156681,40.5712996168
77557,-96.0952959822,40.5714450945
77558,-95.9761759967,40.5714786664
77559,-95.8570560863,40.5714003322
77560,-95.7379366246,40.5712100921
77561,-95.6188179871,40.5709079472
77970,-102.050702105,40.5163305614
77971,-101.931906023,40.5219551157
77972,-101.813091375,40.5274683006
77973,-101.694258529,40.5328700894
77974,-101.575407852,40.5381604553
77975,-101.456539712,40.5433393726
77976,-101.337654476,40.5484068157
77977,-101.218752515,40.5533627596
77978,-101.099834196,40.5582071805
77979,-100.980899888,40.5629400543
77980,-100.861949961,40.5675613578
77981,-100.742984785,40.572071068
77982,-100.624004729,40.5764691629
77983,-100.505010164,40.5807556208
77984,-100.38600146,40.584930421
77985,-100.266978989,40.5889935426
77986,-100.147943121,40.5929449653
77987,-100.028894228,40.5967846699
77988,-99.9098326811,40.6005126377
77989,-99.790758852,40.6041288499
77990,-99.6716731129,40.6076332892
77991,-99.5525758361,40.6110259372
77992,-99.4334673936,40.6143067784
77993,-99.314348159,40.6174757962
77994,-99.1952185044,40.6205329748
77995,-99.0760788034,40.6234782991
77996,-98.9569294287,40.6263117543
77997,-98.8377707545,40.6290333269
77998,-98.718603154,40.6316430029
77999,-98.5994270011,40.6341407698
78000,-98.4802426699,40.6365266154
78001,-98.3610505338,40.6388005274
78002,-98.241850968,40.6409624944
78003,-98.1226443463,40.6430125066
78004,-98.0034310434,40.6449505528
78005,-97.8842114338,40.6467766244
78006,-97.7649858926,40.6484907117
78007,-97.6457547949,40.6500928063
78008,-97.5265185145,40.6515829002
78009,-97.4072774271,40.6529609861
78010,-97.2880319087,40.654227057
78011,-97.1687823343,40.6553811071
78012,-97.0495290789,40.6564231306
78013,-96.9302725183,40.6573531218
78014,-96.8110130268,40.6581710764
78015,-96.6917509812,40.6588769907
78016,-96.5724867565,40.6594708606
78017,-96.4532207282,40.659952683
78018,-96.3339532728,40.6603224566
78019,-96.2146847652,40.6605801786
78020,-96.0954155814,40.6607258479
78021,-95.9761460971,40.660759464
78022,-95.8568766876,40.6606810264
78023,-95.7376077291,40.660490536
78433,-102.058284889,40.6054268942
78434,-101.939340714,40.6110588243
78435,-101.820377904,40.6165792415
78436,-101.701396827,40.6219881178
78437,-101.582397852,40.6272854271
78438,-101.463381349,40.6324711436
78439,-101.344347686,40.6375452411
78440,-101.225297234,40.6425076947
78441,-101.106230363,40.6473584805
78442,-100.987147443,40.6520975739
78443,-100.868048845,40.6567249516
78444,-100.748934941,40.661240591
78445,-100.629806101,40.6656444697
78446,-100.510662698,40.669936566
78447,-100.391505103,40.6741168585
78448,-100.272333688,40.6781853264
78449,-100.153148826,40.6821419499
78450,-100.033950889,40.6859867095
78451,-99.9147402511,40.6897195857
78452,-99.7955172846,40.69334056
78453,-99.6762823636,40.6968496153
78454,-99.5570358612,40.7002467329
78455,-99.4377781517,40.7035318968
78456,-99.3185096088,40.7067050909
78457,-99.1992306071,40.709766299
78458,-99.0799415209,40.7127155058
78459,-98.9606427246,40.7155526967
78460,-98.8413345937,40.718277858
78461,-98.7220175028,40.7208909757
78462,-98.6026918272,40.7233920372
78463,-98.4833579423,40.7257810299
78464,-98.3640162233,40.7280579419
78465,-98.2446670462,40.7302227615
78466,-98.1253107873,40.7322754787
78467,-98.0059478213,40.734216083
78468,-97.8865785254,40.7360445645
78469,-97.7672032752,40.7377609141
78470,-97.6478224472,40.7393651236
78471,-97.5284364174,40.7408571845
78472,-97.4090455627,40.74223709
78473,-97.2896502599,40.7435048327
78474,-97.1702508859,40.7446604065
78475,-97.0508478171,40.745703806
78476,-96.9314414301,40.7466350253
78477,-96.8120321019,40.74745406
78478,-96.6926202097,40.7481609067
78479,-96.5732061299,40.7487555609
78480,-96.4537902405,40.7492380198
78481,-96.3343729176,40.7496082815
78482,-96.2149545389,40.7498663441
78483,-96.0955354813,40.7500122056
78484,-95.9761161219,40.7500458663
78485,-95.8566968383,40.7499673249
78896,-102.065886676,40.6945282046
78897,-101.946794041,40.7001675447
78898,-101.8276827,40.7056952266
78899,-101.708553024,40.7111112233
78900,-101.589405382,40.7164155079
78901,-101.470240145,40.7216080544
78902,-101.351057685,40.7266888365
78903,-101.231858373,40.7316578297
78904,-101.112642579,40.7365150093
78905,-100.993410676,40.7412603508
78906,-100.874163037,40.745893831
78907,-100.754900033,40.7504154266
78908,-100.635622038,40.7548251153
78909,-100.516329424,40.7591228758
78910,-100.397022564,40.7633086857
78911,-100.277701833,40.7673825248
78912,-100.158367604,40.771344373
78913,-100.039020252,40.7751942105
78914,-99.9196601495,40.7789320176
78915,-99.8002876728,40.7825577762
78916,-99.680903196,40.7860714681
78917,-99.5615070946,40.7894730759
78918,-99.4420997435,40.7927625828
78919,-99.3226815183,40.7959399719
78920,-99.2032527944,40.799005228
78921,-99.0838139481,40.8019583353
78922,-98.9643653555,40.8047992788
78923,-98.8449073925,40.8075280453
78924,-98.7254404359,40.8101446204
78925,-98.6059648623,40.8126489916
78926,-98.4864810484,40.815041146
78927,-98.3669893711,40.8173210716
78928,-98.2474902071,40.8194887571
78929,-98.1279839342,40.8215441917
78930,-98.00847093,40.8234873653
78931,-97.888951571,40.8253182677
78932,-97.7694262355,40.8270368906
78933,-97.6498953013,40.8286432244
78934,-97.5303591455,40.8301372617
78935,-97.4108181462,40.8315189949
78936,-97.2912726829,40.8327884171
78937,-97.1717231323,40.8339455218
78938,-97.0521698728,40.8349903034
78939,-96.9326132831,40.8359227563
78940,-96.813053741,40.8367428764
78941,-96.6934916247,40.8374506596
78942,-96.5739273135,40.8380461014
78943,-96.4543611851,40.8385292
78944,-96.3347936181,40.8388999521
78945,-96.2152249913,40.8391583566
78946,-96.0956556828,40.8393044115
78947,-95.9760860716,40.8393381168
78948,-95.856516536,40.8392594717
79359,-102.073507539,40.7836347326
79360,-101.954266073,40.789281516
79361,-101.835005831,40.7948164963
79362,-101.715727185,40.8002396459
79363,-101.596430506,40.8055509377
79364,-101.477116166,40.8107503454
79365,-101.357784537,40.8158378431
79366,-101.238435992,40.8208134055
79367,-101.119070904,40.8256770083
79368,-100.999689647,40.8304286265
79369,-100.880292593,40.8350682369
79370,-100.760880117,40.839595816
79371,-100.641452593,40.8440113418
79372,-100.522010395,40.8483147919
79373,-100.402553897,40.8525061449
79374,-100.283083477,40.85658538
79375,-100.163599507,40.8605524767
79376,-100.044102363,40.8644074151
79377,-99.9245924229,40.868150176
79378,-99.8050700609,40.8717807407
79379,-99.6855356536,40.8752990909
79380,-99.5659895775,40.8787052091
79381,-99.446432209,40.8819990789
79382,-99.3268639255,40.8851806825
79383,-99.2072851041,40.888250005
79384,-99.087696122,40.8912070306
79385,-98.9680973566,40.8940517444
79386,-98.8484891852,40.8967841324
79387,-98.7288719862,40.8994041809
79388,-98.6092461377,40.9019118767
79389,-98.4896120182,40.9043072074
79390,-98.3699700051,40.9065901605
79391,-98.2503204772,40.9087607246
79392,-98.130663813500007,40.9108188896
79393,-98.0110003924,40.9127646439
79394,-97.8913305932,40.9145979788
79395,-97.7716547952,40.9163188852
79396,-97.6519733767,40.917927353
79397,-97.5322867166,40.9194233756
79398,-97.4125951955,40.920806945
79399,-97.2928991928,40.9220780541
79400,-97.1731990875,40.9232366968
79401,-97.0534952596,40.924282867
79402,-96.9337880886,40.9252165595
79403,-96.8140779544,40.9260377697
79404,-96.6943652359,40.9267464936
79405,-96.5746503139,40.9273427274
79406,-96.4549335681,40.9278264677
79407,-96.3352153784,40.928197713
79408,-96.2154961247,40.9284564609
79409,-96.095776187,40.9286027104
79410,-95.9760559452,40.92863646
79411,-95.8563357796,40.9285577105
79822,-102.081147549,40.8727467185
79823,-101.961756882,40.8784009797
79824,-101.842347368,40.8839432916
79825,-101.72291938,40.8893736267
79826,-101.603473291,40.8946919577
79827,-101.484009475,40.8998982586
79828,-101.364528305,40.9049925025
79829,-101.245030155,40.9099746642
79830,-101.1255154,40.9148447191
79831,-101.005984413,40.9196026432
79832,-100.886437571,40.9242484119
79833,-100.766875249,40.9287820022
79834,-100.647297821,40.9332033915
79835,-100.527705665,40.9375125578
79836,-100.408099155,40.9417094791
79837,-100.288478669,40.9457941348
79838,-100.168844583,40.9497665039
79839,-100.049197273,40.9536265669
79840,-99.9295371178,40.9573743041
79841,-99.8098644941,40.9610096971
79842,-99.6901797795,40.964532727
79843,-99.5704833522,40.9679433766
79844,-99.45077559,40.9712416287
79845,-99.3310568713,40.9744274665
79846,-99.2113275746,40.9775008743
79847,-99.0915880791,40.9804618362
79848,-98.9718387633,40.9833103373
79849,-98.8520800055,40.986046364
79850,-98.7323121866,40.9886699015
79851,-98.6125356852,40.9911809373
79852,-98.4927508807,40.9935794586
79853,-98.3729581534,40.9958654533
79854,-98.253157883,40.9980389096
79855,-98.1333504496,41.000099817
79856,-98.0135362334,41.0020481647
79857,-97.893715615,41.003883943
79858,-97.7738889744,41.0056071428
79859,-97.6540566926,41.007217755
79860,-97.5342191494,41.008715772
79861,-97.4143767267,41.010101186
79862,-97.2945298052,41.01137399
79863,-97.174678766,41.0125341775
79864,-97.0548239894,41.013581743
79865,-96.9349658576,41.0145166806
79866,-96.8151047508,41.015338986
79867,-96.6952410507,41.016048655
79868,-96.5753751385,41.016645684
79869,-96.4555073953,41.0171300697
79870,-96.3356382029,41.0175018098
79871,-96.2157679423,41.0177609031
79872,-96.0958969953,41.0179073476
79873,-95.9760257432,41.0179411422
79874,-95.8561545672,41.0178622875
80284,-102.208327727,40.9560905634
80285,-102.088806777,40.9618644043
80286,-101.969266536,40.9675261774
80287,-101.849707378,40.9730758546
80288,-101.730129675,40.9785134083
80289,-101.610533804,40.9838388109
80290,-101.490920138,40.989052036
80291,-101.371289052,40.9941530573
80292,-101.251640923,40.9991418487
80293,-101.131976125,41.004018386
80294,-101.012295036,41.0087826441
80295,-100.89259803,41.0134345998
80296,-100.772885486,41.0179742289
80297,-100.653157779,41.0224015089
80298,-100.533415288,41.0267164173
80299,-100.413658389,41.0309189325
80300,-100.293887461,41.0350090336
80301,-100.174102881,41.0389866997
80302,-100.054305028,41.0428519104
80303,-99.9344942811,41.0466046472
80304,-99.8146710182,41.0502448903
80305,-99.6948356188,41.0537726214
80306,-99.5749884622,41.0571878232
80307,-99.4551299276,41.0604904783
80308,-99.3352603953,41.0636805696
80309,-99.2153802449,41.066758081
80310,-99.0954898565,41.0697229976
80311,-98.9755896108,41.0725753036
80312,-98.8556798882,41.0753149853
80313,-98.7357610692,41.077942028
80314,-98.6158335348,41.0804564194
80315,-98.4958976662,41.0828581461
80316,-98.3759538451,41.0851471964
80317,-98.2560024521,41.087323558
80318,-98.1360438687,41.0893872206
80319,-98.016078477,41.0913381735
80320,-97.8961066583,41.0931764064
80321,-97.7761287954,41.0949019104
80322,-97.6561452692,41.0965146768
80323,-97.5361564621,41.0980146977
80324,-97.4161627565,41.0994019648
80325,-97.2961645356,41.1006764712
80326,-97.1761621807,41.101838211
80327,-97.0561560752,41.1028871779
80328,-96.9361466009,41.1038233663
80329,-96.8161341407,41.1046467719
80330,-96.6961190774,41.1053573906
80331,-96.5761017932,41.1059552182
80332,-96.4560826717,41.1064402522
80333,-96.3360620952,41.1068124899
80334,-96.2160404468,41.1070719298
80335,-96.0960181092,41.10721857
80336,-95.9759954649,41.10725241
80337,-95.8559728972,41.1071734499
80734,-103.76994471,40.9598489861
80735,-103.65055958,40.967086468
80736,-103.531150245,40.9742121556
80737,-103.411717075,40.9812260131
80738,-103.29226044,40.9881280057
80739,-103.172780712,40.9949180985
80740,-103.05327826,41.001596258
80741,-102.933753458,41.0081624507
80742,-102.814206675,41.0146166434
80743,-102.694638286,41.0209588043
80744,-102.575048663,41.0271889011
80745,-102.455438179,41.0333069028
80746,-102.335807207,41.0393127785
80747,-102.216156122,41.0452064983
80748,-102.096485297,41.0509880326
80749,-101.976795109,41.0566573523
80750,-101.857085931,41.0622144287
80751,-101.73735814,41.0676592339
80752,-101.617612111,41.0729917405
80753,-101.49784822,41.078211922
80754,-101.378066844,41.0833197515
80755,-101.258268359,41.0883152034
80756,-101.138453144,41.0931982526
80757,-101.018621574,41.0979688746
80758,-100.898774029,41.1026270449
80759,-100.778910885,41.1071727405
80760,-100.659032522,41.1116059383
80761,-100.539139318,41.1159266155
80762,-100.419231653,41.1201347504
80763,-100.299309904,41.1242303219
80764,-100.179374453,41.1282133092
80765,-100.059425678,41.1320836919
80766,-99.9394639598,41.1358414507
80767,-99.8194896788,41.1394865666
80768,-99.699503215,41.1430190207
80769,-99.5795049494,41.1464387956
80770,-99.4594952631,41.1497458738
80771,-99.339474537,41.152940238
80772,-99.2194431527,41.1560218725
80773,-99.0994014918,41.1589907615
80774,-98.9793499353,41.1618468902
80775,-98.8592888666,41.1645902437
80776,-98.739218667,41.167220808
80777,-98.6191397192,41.1697385702
80778,-98.4990524054,41.1721435173
80779,-98.3789571082,41.1744356369
80780,-98.2588542108,41.1766149175
80781,-98.1387440961,41.1786813481
80782,-98.0186271469,41.1806349175
80783,-97.8985037466,41.182475617
80784,-97.7783742785,41.184203436
80785,-97.6582391265,41.1858183662
80786,-97.5380986729,41.1873204
80787,-97.4179533022,41.1887095286
80788,-97.2978033994,41.1899857455
80789,-97.1776493472,41.1911490447
80790,-97.0574915295,41.1921994193
80791,-96.9373303303,41.1931368644
80792,-96.817166134,41.1939613752
80793,-96.6969993247,41.1946729478
80794,-96.5768302862,41.1952715781
80795,-96.4566594031,41.1957572634
80796,-96.3364870599,41.1961300008
80797,-96.2163136403,41.1963897891
80798,-96.0961395288,41.1965366261
80799,-95.9759651098,41.1965705115
80800,-95.8557907676,41.1964914454
81195,-104.018733014,41.0340273217
81196,-103.899248418,41.0414982075
81197,-103.779738784,41.0488572269
81198,-103.660204483,41.0561043427
81199,-103.540645886,41.0632395188
81200,-103.421063365,41.0702627192
81201,-103.30145729,41.0771739088
81202,-103.181828034,41.083973053
81203,-103.06217597,41.0906601176
81204,-102.94250147,41.0972350689
81205,-102.822804907,41.1036978737
81206,-102.703086656,41.1100484999
81207,-102.583347091,41.1162869151
81208,-102.463586585,41.1224130882
81209,-102.343805515,41.1284269881
81210,-102.224004255,41.1343285846
81211,-102.104183181,41.1401178478
81212,-101.984342671,41.1457947486
81213,-101.864483099,41.1513592582
81214,-101.744604842,41.1568113485
81215,-101.62470828,41.1621509919
81216,-101.504793787,41.1673781613
81217,-101.384861744,41.1724928306
81218,-101.264912527,41.1774949732
81219,-101.144946516,41.1823845644
81220,-101.024964088,41.1871615793
81221,-100.904965624,41.1918259934
81222,-100.784951504,41.1963777834
81223,-100.664922106,41.200816926
81224,-100.544877811,41.2051433987
81225,-100.424818999,41.2093571792
81226,-100.304746051,41.2134582465
81227,-100.184659348,41.2174465795
81228,-100.064559271,41.2213221578
81229,-99.944446202,41.2250849623
81230,-99.8243205221,41.2287349732
81231,-99.7041826132,41.2322721721
81232,-99.5840328581,41.2356965409
81233,-99.4638716381,41.2390080625
81234,-99.3436993369,41.2422067195
81235,-99.223516337,41.2452924961
81236,-99.1033230211,41.2482653762
81237,-98.9831197733,41.2511253448
81238,-98.8629069763,41.2538723871
81239,-98.7426850135,41.2565064894
81240,-98.6224542694,41.2590276381
81241,-98.5022151275,41.2614358201
81242,-98.3819679719,41.2637310235
81243,-98.2617131873,41.2659132366
81244,-98.141451158,41.2679824476
81245,-98.0211822682,41.2699386463
81246,-97.9009069025,41.2717818232
81247,-97.7806254463,41.273511968
81248,-97.6603382846,41.2751290722
81249,-97.5400458012,41.2766331278
81250,-97.4197483818,41.2780241269
81251,-97.2994464128,41.2793020623
81252,-97.179140279,41.2804669276
81253,-97.0588303652,41.2815187167
81254,-96.9385170574,41.2824574245
81255,-96.8182007407,41.2832830456
81256,-96.697881801,41.2839955764
81257,-96.5775606239,41.2845950131
81258,-96.4572375952,41.2850813525
81259,-96.3369131004,41.285454592
81260,-96.2165875255,41.2857147299
81261,-96.0962612562,41.2858617648
81262,-95.975934678,41.2858956959
81263,-95.8556081771,41.2858165234
81658,-104.028850557,41.1230216423
81659,-103.909216606,41.1305024977
81660,-103.789557524,41.1378713407
81661,-103.669873683,41.1451281347
81662,-103.550165453,41.1522728429
81663,-103.430433208,41.1593054289
81664,-103.310677321,41.166225858
81665,-103.190898166,41.1730340951
81666,-103.071096115,41.1797301056
81667,-102.951271544,41.186313856
81668,-102.831424828,41.1927853124
81669,-102.71155634,41.1991444425
81670,-102.591666458,41.2053912146
81671,-102.471755557,41.2115255968
81672,-102.351824013,41.2175475578
81673,-102.231872203,41.223457067
81674,-102.111900503,41.2292540947
81675,-101.991909293,41.2349386117
81676,-101.87189895,41.2405105885
81677,-101.751869852,41.2459699975
81678,-101.631822378,41.2513168104
81679,-101.511756907,41.2565510001
81680,-101.391673817,41.2616725405
81681,-101.27157349,41.2666814051
81682,-101.151456303,41.2715775685
81683,-101.031322639,41.2763610056
81684,-100.911172877,41.2810316925
81685,-100.791007399,41.2855896048
81686,-100.670826587,41.2900347198
81687,-100.55063082,41.2943670143
81688,-100.430420482,41.2985864666
81689,-100.310195953,41.302693055
81690,-100.189957618,41.3066867585
81691,-100.069705857,41.3105675564
81692,-99.9494410549,41.3143354295
81693,-99.8291635938,41.3179903582
81694,-99.7088738579,41.3215323238
81695,-99.5885722305,41.324961308
81696,-99.4682590947,41.3282772933
81697,-99.3479348357,41.3314802633
81698,-99.2275998376,41.334570200899996
81699,-99.1072544838,41.3375470903
81700,-98.9868991599,41.3404109167
81701,-98.8665342508,41.3431616651
81702,-98.7461601416,41.3457993216
81703,-98.6257772171,41.3483238721
81704,-98.5053858632,41.3507353044
81705,-98.384986465,41.3530336057
81706,-98.2645794088,41.3552187645
81707,-98.1441650799,41.357290769
81708,-98.0237438647,41.3592496093
81709,-97.9033161493,41.361095275
81710,-97.7828823198,41.3628277563
81711,-97.6624427631,41.3644470446
81712,-97.5419978646,41.3659531316
81713,-97.4215480115,41.3673460097
81714,-97.3010935915,41.3686256715
81715,-97.1806349903,41.3697921102
81716,-97.060172595,41.3708453207
81717,-96.9397067924,41.3717852966
81718,-96.8192379701,41.3726120333
81719,-96.6987665145,41.3733255268
81720,-96.5782928134,41.3739257737
81721,-96.4578172531,41.37441277
81722,-96.3373402211,41.3747865142
81723,-96.2168621049,41.3750470032
81724,-96.0963832918,41.3751942367
81725,-95.9759041688,41.3752282138
82121,-104.038993602,41.2120219882
82122,-103.919209926,41.2195128589
82123,-103.799401025,41.2268915709
82124,-103.67956727,41.2341580873
82125,-103.559709035,41.2413123714
82126,-103.439826694,41.2483543865
82127,-103.319920621,41.2552840976
82128,-103.199991192,41.2621014689
82129,-103.080038781,41.2688064667
82130,-102.960063765,41.2753990563
82131,-102.840066519,41.2818792045
82132,-102.72004742,41.2882468782
82133,-102.600006845,41.2945020454
82134,-102.479945171,41.300644674
82135,-102.359862776,41.3066747331
82136,-102.239760038,41.3125921916
82137,-102.119637336,41.3183970199
82138,-101.999495049,41.3240891878
82139,-101.879333557,41.3296686663
82140,-101.759153239,41.3351354275
82141,-101.638954474,41.3404894433
82142,-101.518737644,41.345730686
82143,-101.398503129,41.350859129
82144,-101.27825131,41.3558747465
82145,-101.157982569,41.3607775125
82146,-101.037697288,41.3655674017
82147,-100.917395847,41.3702443899
82148,-100.797078631,41.3748084531
82149,-100.676746021,41.3792595679
82150,-100.556398401,41.3835977115
82151,-100.436036153,41.3878228614
82152,-100.315659662,41.3919349965
82153,-100.195269311,41.3959340952
82154,-100.074865485,41.3998201372
82155,-99.9544485667,41.4035931022
82156,-99.8340189414,41.4072529713
82157,-99.7135769944,41.4107997256
82158,-99.5931231107,41.4142333465
82159,-99.4726576757,41.4175538166
82160,-99.3521810739,41.4207611191
82161,-99.2316936922,41.4238552371
82162,-99.1111959159,41.4268361545
82163,-98.9906881317,41.4297038563
82164,-98.8701707262,41.432458328
82165,-98.7496440846,41.4350995549
82166,-98.6291085944,41.4376275234
82167,-98.5085646428,41.4400422209
82168,-98.3880126163,41.4423436343
82169,-98.2674529025,41.4445317526
82170,-98.1468858885,41.4466065638
82171,-98.0263119621,41.4485680575
82172,-97.9057315102,41.4504162235
82173,-97.7851449213,41.4521510522
82174,-97.6645525829,41.4537725345
82175,-97.5439548823,41.4552806625
82176,-97.4233522089,41.4566754283
82177,-97.3027449508,41.4579568244
82178,-97.1821334957,41.4591248441
82179,-97.0615182321,41.4601794821
82180,-96.9408995483,41.4611207322
82181,-96.8202778327,41.4619485897
82182,-96.6996534744,41.4626630505
82183,-96.5790268614,41.4632641109
82184,-96.4583983827,41.4637517676
82185,-96.3377684265,41.4641260182
82186,-96.2171373815,41.4643868608
82187,-96.0965056379,41.464534294
82188,-95.9758735828,41.4645683171
82189,-95.8552416053,41.4644889301
82584,-104.049162246,41.3010286032
82585,-103.929228473,41.3085295352
82586,-103.809269379,41.3159181616
82587,-103.689285337,41.3231944453
82588,-103.569276722,41.3303583492
82589,-103.449243911,41.3374098365
82590,-103.329187278,41.3443488723
82591,-103.2091072,41.3511754204
82592,-103.089004053,41.3578894465
82593,-102.968878215,41.3644909161
82594,-102.848730063,41.3709797959
82595,-102.728559975,41.3773560528
82596,-102.60836833,41.3836196535
82597,-102.488155506,41.389770567
82598,-102.367921882,41.3958087612
82599,-102.247667838,41.4017342061
82600,-102.127393754,41.4075468705
82601,-102.007100011,41.4132467248
82602,-101.88678699,41.4188337398
82603,-101.766455071,41.4243078873
82604,-101.646104636,41.429669139
82605,-101.525736066,41.4349174672
82606,-101.405349745,41.440052845
82607,-101.284946053,41.4450752464
82608,-101.164525376,41.4499846455
82609,-101.044088094,41.4547810163
82610,-100.923634593,41.4594643352
82611,-100.803165256,41.4640345776
82612,-100.682680466,41.46849172
82613,-100.562180609,41.4728357395
82614,-100.441666069,41.477066614
82615,-100.321137232,41.4811843213
82616,-100.200594481,41.4851888402
82617,-100.080038204,41.4890801502
82618,-99.9594687847,41.4928582311
82619,-99.8388866109,41.4965230634
82620,-99.718292068,41.5000746282
82621,-99.5976855429,41.5035129077
82622,-99.477067422,41.5068378834
82623,-99.3564380924,41.5100495381
82624,-99.2357979419,41.513147856
82625,-99.1151473571,41.5161328202
82626,-98.9944867259,41.5190044156
82627,-98.8738164363,41.5217626274
82628,-98.7531368762,41.5244074412
82629,-98.6324484337,41.5269388439
82630,-98.5117514971,41.5293568214
82631,-98.3910464553,41.5316613618
82632,-98.2703336964,41.533852453
82633,-98.1496136097,41.5359300837
82634,-98.028886584,41.5378942434
82635,-97.9081530082,41.5397449212
82636,-97.7874132719,41.5414821084
82637,-97.666667764,41.5431057948
82638,-97.5459168742,41.5446159731
82639,-97.425160992,41.5460126353
82640,-97.304400507,41.5472957737
82641,-97.1836358095,41.548465382
82642,-97.0628672889,41.549521454
82643,-96.9420953355,41.550463984
82644,-96.8213203385,41.5512929675
82645,-96.7005426884,41.5520084002
82646,-96.5797627751,41.5526102779
82647,-96.458980989,41.5530985979
82648,-96.3381977201,41.5534733576
82649,-96.2174133586,41.5537345553
82650,-96.0966282947,41.5538821891
82651,-95.9758429184,41.5539162581
83047,-104.059356586,41.3900417318
83048,-103.939272342,41.3975527712
83049,-103.81916268,41.4049513577
83050,-103.699027977,41.4122374536
83051,-103.578868608,41.4194110217
83052,-103.45868495,41.426472025
83053,-103.33847738,41.4334204282
83054,-103.218246276,41.4402561954
83055,-103.097992017,41.4469792916
83056,-102.977714979,41.4535896825
83057,-102.857415544,41.4600873339
83058,-102.737094088,41.4664722133
83059,-102.616750994,41.4727442873
83060,-102.49638664,41.4789035232
83061,-102.376001408,41.4849498909
83062,-102.255595678,41.4908833583
83063,-102.135169832,41.4967038951
83064,-102.014724252,41.5024114715
83065,-101.894259321,41.5080060579
83066,-101.773775419,41.5134876258
83067,-101.653272931,41.5188561469
83068,-101.53275224,41.5241115932
83069,-101.412213729,41.5292539381
83070,-101.291657783,41.5342831545
83071,-101.171084785,41.5391992173
83072,-101.050495121,41.5440021
83073,-100.929889175,41.548691779
83074,-100.809267332,41.5532682291
83075,-100.688629979,41.5577314273
83076,-100.5679775,41.5620813499
83077,-100.447310283,41.566317975
83078,-100.326628713,41.5704412805
83079,-100.205933178,41.5744512447
83080,-100.085224064,41.578347847
83081,-99.9645017582,41.5821310676
83082,-99.843766649,41.585800886
83083,-99.7230191238,41.5893572844
83084,-99.6022595705,41.5928002432
83085,-99.481488377,41.5961297454
83086,-99.3607059325,41.5993457731
83087,-99.2399126253,41.6024483101
83088,-99.1191088446,41.6054373397
83089,-98.9982949784,41.6083128467
83090,-98.8774714173,41.6110748163
83091,-98.7566385501,41.613723234
83092,-98.6357967668,41.6162580861
83093,-98.5149464571,41.618679359
83094,-98.3940880109,41.6209870408
83095,-98.2732218183,41.6231811193
83096,-98.1523482701,41.6252615823
83097,-98.0314677559,41.62722842
83098,-97.9105806669,41.6290816217
83099,-97.7896873938,41.6308211779
83100,-97.6687883273,41.632447079
83101,-97.5478838584,41.6339593174
83102,-97.4269743775,41.6353578843
83103,-97.3060602761,41.6366427735
83104,-97.1851419464,41.6378139776
83105,-97.0642197792,41.6388714901
83106,-96.9432941657,41.6398153065
83107,-96.8223654975,41.640645421
83108,-96.7014341655,41.6413618299
83109,-96.5805005621,41.6419645288
83110,-96.4595650786,41.6424535154
83111,-96.3386281063,41.6428287864
83112,-96.2176900374,41.6430903405
83113,-96.0967512634,41.6432381757
83510,-104.069576718,41.4790616197
83511,-103.949341628,41.486582813
83512,-103.829081024,41.4939914058
83513,-103.708795283,41.501287359
83514,-103.588484782,41.508470636
83515,-103.468149901,41.5155411993
83516,-103.347791016,41.5224990134
83517,-103.227408509,41.5293440419
83518,-103.107002758,41.5360762503
83519,-102.986574142,41.5426956035
83520,-102.866123043,41.5492020674
83521,-102.745649841,41.5555956089
83522,-102.625154917,41.5618761947
83523,-102.504638653,41.5680437925
83524,-102.384101432,41.5740983709
83525,-102.263543634,41.5800398981
83526,-102.142965644,41.585868344
83527,-102.022367845,41.591583678
83528,-101.90175062,41.5971858708
83529,-101.781114354,41.6026748936
83530,-101.660459431,41.6080507178
83531,-101.539786234,41.6133133149
83532,-101.41909515,41.6184626592
83533,-101.298386564,41.6234987224
83534,-101.177660862,41.6284214795
83535,-101.05691843,41.6332309047
83536,-100.936159653,41.6379269729
83537,-100.81538492,41.6425096598
83538,-100.694594616,41.6469789417
83539,-100.57378913,41.6513347948
83540,-100.452968849,41.6555771973
83541,-100.332134161,41.6597061268
83542,-100.211285454,41.6637215616
83543,-100.090423116,41.6676234809
83544,-99.9695475361,41.6714118648
83545,-99.8486591035,41.6750866928
83546,-99.7277582076,41.6786479467
83547,-99.6068452378,41.6820956073
83548,-99.485920584,41.6854296566
83549,-99.3649846353,41.6886500774
83550,-99.2440377828,41.6917568532
83551,-99.1230804165,41.6947499672
83552,-99.0021129269,41.6976294041
83553,-98.8811357043,41.700395149
83554,-98.7601491408,41.703047187
83555,-98.6391536265,41.7055855046
83556,-98.5181495534,41.7080100888
83557,-98.3971373128,41.7103209264
83558,-98.2761172963,41.7125180055
83559,-98.1550898957,41.7146013144
83560,-98.0340555027,41.7165708426
83561,-97.9130145096,41.7184265798
83562,-97.7919673089,41.7201685161
83563,-97.6709142929,41.721796642
83564,-97.5498558535,41.72331095
83565,-97.4287923831,41.7247114311
83566,-97.3077242744,41.7259980786
83567,-97.1866519214,41.7271708858
83568,-97.065575716,41.728229846
83569,-96.9444960508,41.7291749544
83570,-96.8234133192,41.7300062054
83571,-96.7023279145,41.7307235948
83572,-96.581240229,41.7313271191
83573,-96.4601506564,41.731816775
83574,-96.3390595893,41.7321925599
83575,-96.2179674212,41.7324544723
83576,-96.0968745457,41.7326025097
83973,-104.079822742,41.5680885142
83974,-103.959436428,41.5756199086
83975,-103.839024504,41.5830385534
83976,-103.718587347,41.5903444099
83977,-103.598125338,41.5975374404
83978,-103.477638854,41.604617608
83979,-103.357128276,41.6115848761
83980,-103.236593986,41.6184392093
83981,-103.116036363,41.6251805716
83982,-102.995455788,41.6318089285
83983,-102.874852645,41.6383242456
83984,-102.754227315,41.6447264895
83985,-102.63358018,41.6510156269
83986,-102.512911625,41.6571916246
83987,-102.392222031,41.663254452
83988,-102.271511783,41.6692040766
83989,-102.150781266,41.6750404678
83990,-102.030030864,41.6807635957
83991,-101.909260962,41.6863734299
83992,-101.788471947,41.691869942
83993,-101.667664202,41.6972531029
83994,-101.546838115,41.7025228847
83995,-101.425994073,41.7076792605
83996,-101.305132462,41.7127222026
83997,-101.184253669,41.7176516851
83998,-101.063358082,41.7224676827
83999,-100.942446089,41.7271701699
84000,-100.821518078,41.7317591226
84001,-100.700574437,41.7362345163
84002,-100.579615556,41.7405963277
84003,-100.458641823,41.7448445342
84004,-100.337653627,41.7489791141
84005,-100.21665136,41.7530000449
84006,-100.095635409,41.7569073058
84007,-99.9746061663,41.760700877
84008,-99.8535640217,41.764380738
84009,-99.7325093659,41.7679468699
84010,-99.6114425897,41.7713992541
84011,-99.4903640847,41.7747378718
84012,-99.3692742423,41.7779627064
84013,-99.2481734538,41.7810737406
84014,-99.1270621113,41.7840709577
84015,-99.005940607,41.7869543429
84016,-98.884809333,41.7897238806
84017,-98.7636686812,41.7923795559
84018,-98.6425190453,41.7949213555
84019,-98.5213608175,41.7973492659
84020,-98.4001943906,41.7996632739
84021,-98.279020158,41.8018633677
84022,-98.1578385136,41.8039495357
84023,-98.03664985,41.8059217672
84024,-97.9154545608,41.8077800517
84025,-97.7942530401,41.8095243789
84026,-97.6730456819,41.8111547402
84027,-97.5518328795,41.8126711273
84028,-97.4306150266,41.8140735314
84029,-97.3093925181,41.8153619456
84030,-97.1881657487,41.8165363635
84031,-97.066935112,41.817596778
84032,-96.9457010026,41.8185431842
84033,-96.824463815,41.8193755769
84034,-96.7032239438,41.8200939519
84035,-96.5819817833,41.8206983052
84036,-96.4607377284,41.8211886336
84037,-96.3394921736,41.8215649348
84038,-96.2182455135,41.8218272068
84039,-96.0969981429,41.8219754477
84436,-104.090094754,41.6571226637
84437,-103.96955684,41.6646643065
84438,-103.848993217,41.6720930496
84439,-103.728404266,41.679408855
84440,-103.607790367,41.6866116842
84441,-103.487151901,41.6937015002
84442,-103.36648925,41.7006782665
84443,-103.245802795,41.707541947
84444,-103.125092919,41.714292506
84445,-103.004360004,41.7209299082
84446,-102.883604435,41.7274541195
84447,-102.762826593,41.733865106
84448,-102.642026865,41.7401628343
84449,-102.521205633,41.7463472716
84450,-102.400363284,41.752418386
84451,-102.279500201,41.7583761454
84452,-102.158616772,41.7642205191
84453,-102.037713382,41.7699514769
84454,-101.916790419,41.7755689881
84455,-101.795848267,41.7810730241
84456,-101.674887316,41.786463556
84457,-101.553907953,41.7917405558
84458,-101.432910565,41.7969039957
84459,-101.311895541,41.8019538485
84460,-101.19086327,41.806890088
84461,-101.069814141,41.8117126886
84462,-100.948748543,41.8164216246
84463,-100.827666865,41.821016872
84464,-100.706569498,41.825498406
84465,-100.585456832,41.8298662032
84466,-100.464329258,41.8341202411
84467,-100.343187166,41.8382604973
84468,-100.222030948,41.8422869497
84469,-100.100860995,41.8461995775
84470,-99.9796776984,41.8499983599
84471,-99.8584814505,41.8536832773
84472,-99.737272644,41.8572543101
84473,-99.6160516704,41.8607114396
84474,-99.4948189233,41.8640546471
84475,-99.3735747955,41.8672839158
84476,-99.2523196791,41.8703992283
84477,-99.1310539684,41.8734005682
84478,-99.0097780571,41.8762879198
84479,-98.8884923386,41.8790612677
84480,-98.7671972068,41.8817205973
84481,-98.6458930558,41.8842658949
84482,-98.5245802802,41.8866971468
84483,-98.4032592741,41.8890143403
84484,-98.2819304328,41.8912174632
84485,-98.1605941504,41.8933065035
84486,-98.0392508226,41.8952814508
84487,-97.9179008434,41.8971422943
84488,-97.7965446091,41.8988890241
84489,-97.6751825144,41.9005216311
84490,-97.5538149547,41.902040107
84491,-97.4324423257,41.903444443
84492,-97.3110650232,41.9047346324
84493,-97.1896834428,41.9059106678
84494,-97.0682979809,41.9069725437
84495,-96.9469090329,41.907920254
84496,-96.8255169947,41.9087537936
84497,-96.7041222621,41.9094731586
84498,-96.5827252321,41.9100783447
84499,-96.4613263001,41.9105693489
84500,-96.3399258628,41.9109461686
84501,-96.2185243157,41.9112088022
84502,-96.0971220554,41.9113572474
84899,-104.100392855,41.746164317
84900,-103.97970296,41.7537162558
84901,-103.858987258,41.7611551441
84902,-103.738246132,41.7684809443
84903,-103.617479963,41.7756936177
84904,-103.496689134,41.7827931268
84905,-103.375874026,41.7897794356
84906,-103.255035025,41.7966525068
84907,-103.134172513,41.8034123047
84908,-103.013286875,41.8100587946
84909,-102.892378496,41.8165919414
84910,-102.771447759,41.8230117113
84911,-102.650495052,41.8293180702
84912,-102.52952076,41.835510986
84913,-102.40852527,41.841590426
84914,-102.287508967,41.847556358
84915,-102.166472239,41.8534087512
84916,-102.045415475,41.8591475754
84917,-101.924339062,41.8647727993
84918,-101.803243388,41.8702843946
84919,-101.682128843,41.8756823316
84920,-101.560995815,41.8809665826
84921,-101.439844693,41.8861371195
84922,-101.318675868,41.891193915
84923,-101.19748973,41.8961369431
84924,-101.076286669,41.9009661773
84925,-100.955067076,41.9056815924
84926,-100.833831342,41.9102831637
84927,-100.712579858,41.9147708667
84928,-100.591313017,41.9191446776
84929,-100.470031211,41.9234045742
84930,-100.348734832,41.9275505329
84931,-100.227424272,41.9315825329
84932,-100.106099924,41.9355005522
84933,-99.9847621818,41.9393045705
84934,-99.8634114392,41.9429945676
84935,-99.742048089,41.9465705242
84936,-99.6206725256,41.9500324209
84937,-99.499285143,41.9533802398
84938,-99.3778863359,41.9566139633
84939,-99.2564764987,41.9597335741
84940,-99.1350560266,41.9627390559
84941,-99.0136253145,41.9656303922
84942,-98.8921847577,41.9684075682
84943,-98.7707347511,41.9710705694
84944,-98.6492756911,41.9736193813
84945,-98.5278079729,41.9760539905
84946,-98.4063319931,41.9783743844
84947,-98.2848481477,41.9805805502
84948,-98.163356833,41.9826724764
84949,-98.0418584454,41.984650152
84950,-97.9203533817,41.9865135668
84951,-97.7988420379,41.9882627101
84952,-97.6773248115,41.9898975731
84953,-97.5558020996,41.9914181475
84954,-97.4342742986,41.9928244245
84955,-97.3127418056,41.9941163973
84956,-97.191205019,41.9952940584
84957,-97.0696643357,41.9963574022
84958,-96.9481201533,41.9973064227
84959,-96.8265728683,41.9981411147
84960,-96.7050228788,41.9988614741
84961,-96.583470583,41.9994674972
84962,-96.4619163779,41.9999591803
84963,-96.3403606615,42.000336521
84964,-96.2188038313,42.0005995175
84965,-96.0972462851,42.000748168
85362,-104.110717142,41.8352137256
85363,-103.989874886,41.8427760075
85364,-103.869006724,41.8502250883
85365,-103.748113041,41.8575609298
85366,-103.627194219,41.864783493
85367,-103.506250644,41.8718927406
85368,-103.385282698,41.8788886353
85369,-103.264290766,41.8857711411
85370,-103.143275234,41.8925402211
85371,-103.022236488,41.8991958405
85372,-102.901174913,41.9057379643
85373,-102.780090896,41.9121665584
85374,-102.658984825,41.9184815886
85375,-102.537857086,41.9246830221
85376,-102.416708067,41.9307708261
85377,-102.295538156,41.936744969
85378,-102.174347743,41.9426054192
85379,-102.053137216,41.9483521459
85380,-101.931906965,41.9539851186
85381,-101.810657381,41.9595043082
85382,-101.689388852,41.964909685
85383,-101.56810177,41.9702012211
85384,-101.446796525,41.975378888
85385,-101.325473508,41.9804426586
85386,-101.204133112,41.9853925068
85387,-101.082775728,41.9902284058
85388,-100.96140175,41.9949503298
85389,-100.840011567,41.9995582544
85390,-100.718605576,42.0040521555
85391,-100.597184168,42.0084320079
85392,-100.475747737,42.0126977903
85393,-100.354296678,42.0168494788
85394,-100.232831383,42.0208870518
85395,-100.111352247,42.024810488
85396,-99.9898596668,42.0286197662
85397,-99.8683540346,42.0323148671
85398,-99.746835747,42.0358957702
85399,-99.6253051993,42.039362457
85400,-99.5037627874,42.0427149086
85401,-99.3822089067,42.0459531077
85402,-99.2606439536,42.0490770371
85403,-99.1390683249,42.0520866797
85404,-99.0174824166,42.0549820195
85405,-98.8958866258,42.0577630416
85406,-98.7742813492,42.0604297312
85407,-98.6526669841,42.0629820743
85408,-98.531043928,42.0654200565
85409,-98.4094125783,42.0677436656
85410,-98.2877733326,42.0699528886
85411,-98.1661265889,42.072047714199996
85412,-98.044472745,42.074028131
85413,-97.9228121993,42.0758941285
85414,-97.8011453499,42.0776456967
85415,-97.679472595,42.0792828264
85416,-97.557794333,42.080805509
85417,-97.4361109622,42.0822137363
85418,-97.3144228825,42.0835075008
85419,-97.1927304922,42.0846867953
85420,-97.07103419,42.085751614
85421,-96.949334375,42.0867019504
85422,-96.827631446,42.0875378003
85423,-96.7059258026,42.0882591592
85424,-96.584217843,42.0888660228
85425,-96.4625079672,42.089358388
85426,-96.3407965739,42.0897362522
85427,-96.2190840626,42.0899996136
85826,-104.000072716,41.9318438142
85827,-103.879051712,41.939303135
85828,-103.758005088,41.9466490642
85829,-103.636933231,41.9538815631
85830,-103.515836524,41.9610005943
85831,-103.394715354,41.96800612
85832,-103.273570107,41.9748981036
85833,-103.15240117,41.9816765092
85834,-103.031208929,41.9883413007
85835,-102.90999377200001,41.9948924433
85836,-102.788756089,42.0013299021
85837,-102.667496265,42.007653644
85838,-102.546214691,42.0138636348
85839,-102.424911756,42.0199598424
85840,-102.303587849,42.025942234
85841,-102.182243361,42.0318107786
85842,-102.060878683,42.0375654447
85843,-101.939494205,42.0432062025
85844,-101.818090318,42.0487330215
85845,-101.696667415,42.0541458729
85846,-101.575225887,42.059444728
85847,-101.453766127,42.0646295585
85848,-101.332288528,42.0697003369
85849,-101.210793482,42.0746570368
85850,-101.089281384,42.0794996312
85851,-100.967752626,42.084228095
85852,-100.846207603,42.0888424028
85853,-100.724646711,42.0933425304
85854,-100.603070342,42.0977284531
85855,-100.481478893,42.1020001485
85856,-100.359872758,42.1061575934
85857,-100.238252334,42.1102007658
85858,-100.116618017,42.1141296443
85859,-99.9949702019,42.1179442071
85860,-99.8733092858,42.1216444352
85861,-99.7516356654,42.1252303084
85862,-99.6299497381,42.1287018071
85863,-99.5082519,42.1320589134
85864,-99.3865425499,42.1353016088
85865,-99.2648220845,42.1384298769
85866,-99.1430909021,42.1414437
85867,-99.0213494012,42.1443430624
85868,-98.8995979792,42.1471279486
85869,-98.7778370354,42.1497983438
85870,-98.6560669682,42.1523542342
85871,-98.5342881763,42.1547956054
85872,-98.412501059,42.1571224445
85873,-98.2907060156,42.1593347391
85874,-98.1689034449,42.1614324776
85875,-98.0470937466,42.1634156483
85876,-97.9252773206,42.1652842411
85877,-97.8034545667,42.1670382454
85878,-97.6816258848,42.1686776526
85879,-97.5597916748,42.1702024537
85880,-97.4379523362,42.17161264
85881,-97.3161082701,42.1729082046
85882,-97.1942598769,42.1740891402
85883,-97.0724075574,42.1751554403
85884,-96.9505517109,42.1761070992
85885,-96.8286927389,42.1769441125
85886,-96.7068310413,42.1776664751
85887,-96.5849670194,42.1782741832
85888,-96.4631010734,42.1787672338
85889,-96.3412336046,42.1791456239
86289,-104.010296549,42.0209199292
86290,-103.889122318,42.0283895372
86291,-103.76792237,42.0357456013
86292,-103.646697091,42.0429880821
86293,-103.525446868,42.0501169421
86294,-103.404172088,42.057132144
86295,-103.282873139,42.0640336497
86296,-103.161550409,42.0708214243
86297,-103.040204286,42.0774954305
86298,-102.91883516,42.0840556338
86299,-102.79744342,42.0905019992
86300,-102.676029455,42.0968344929
86301,-102.554593657,42.1030530811
86302,-102.433136416,42.109157731
86303,-102.311658123,42.1151484101
86304,-102.190159169,42.1210250869
86305,-102.068639948,42.1267877298
86306,-101.947100852,42.1324363085
86307,-101.825542272,42.1379707928
86308,-101.703964603,42.1433911539
86309,-101.582368237,42.1486973618
86310,-101.46075357,42.1538893893
86311,-101.339120994,42.1589672085
86312,-101.217470905,42.1639307918
86313,-101.095803698,42.1687801135
86314,-100.974119767,42.1735151474
86315,-100.85241951,42.1781358685
86316,-100.730703321,42.1826422515
86317,-100.608971596,42.1870342729
86318,-100.487224734,42.1913119091
86319,-100.365463129,42.1954751372
86320,-100.24368718,42.199523935
86321,-100.121897284,42.2034582809
86322,-100.000093838,42.2072781536
86323,-99.8782772412,42.210983533
86324,-99.756447891,42.2145743994
86325,-99.6346061864,42.2180507329
86326,-99.5127525257,42.2214125152
86327,-99.3908873081,42.2246597286
86328,-99.269010933,42.227792355
86329,-99.1471237991,42.2308103785
86330,-99.0252263065,42.233713782
86331,-98.9033188553,42.2365025509
86332,-98.7814018454,42.2391766692
86333,-98.6594756772,42.2417361231
86334,-98.5375407505,42.2441808993
86335,-98.4155974661,42.2465109837
86336,-98.293646225,42.2487263644
86337,-98.1716874278,42.2508270292
86338,-98.0497214757,42.252812967
86339,-97.9277487701,42.2546841673
86340,-97.8057697121,42.2564406193
86341,-97.6837847031,42.2580823144
86342,-97.5617941447,42.2596092436
86343,-97.4397984381,42.2610213985
86344,-97.3177979851,42.2623187714
86345,-97.1957931892,42.2635013554
86346,-97.073784451,42.2645691441
86347,-96.951772173,42.2655221322
86348,-96.8297567566,42.266360314
86349,-96.7077386048,42.267083685
86350,-96.5857181195,42.2676922418
86351,-96.4636957031,42.268185981
86352,-96.3416717574,42.2685648993
86752,-104.020546486,42.1100046069
86753,-103.899218642,42.1174845502
86754,-103.777864983,42.1248507961
86755,-103.656485896,42.1321033056
86756,-103.535081769,42.1392420406
86757,-103.413652992,42.1462669632
86758,-103.292199952,42.1531780358
86759,-103.170723041,42.1599752225
86760,-103.049222647,42.1666584868
86761,-102.927699161,42.1732277929
86762,-102.806152975,42.1796831063
86763,-102.684584479,42.1860243931
86764,-102.562994066,42.1922516188
86765,-102.441382128,42.1983647503
86766,-102.319749057,42.2043637558
86767,-102.198095246,42.2102486026
86768,-102.07642109,42.2160192599
86769,-101.954726982,42.2216756958
86770,-101.833013315,42.2272178815
86771,-101.711280486,42.232645787
86772,-101.589528889,42.2379593829
86773,-101.46775892,42.2431586407
86774,-101.345970973,42.2482435334
86775,-101.224165446,42.2532140328
86776,-101.102342735,42.258070113
86777,-100.980503237,42.2628117475
86778,-100.858647348,42.2674389117
86779,-100.736775466,42.2719515798
86780,-100.614887989,42.2763497285
86781,-100.492985316,42.2806333332
86782,-100.371067844,42.2848023715
86783,-100.249135972,42.2888568213
86784,-100.12719010000001,42.2927966605
86785,-100.005230626,42.2966218678
86786,-99.88325795,42.3003324227
86787,-99.7612724718,42.3039283052
86788,-99.639274591,42.3074094964
86789,-99.5172647082,42.3107759768
86790,-99.3952432242,42.314027729
86791,-99.2732105392,42.3171647349
86792,-99.1511670544,42.3201869779
86793,-99.0291131708,42.323094442
86794,-98.9070492902,42.3258871111
86795,-98.7849758141,42.3285649702
86796,-98.6628931443,42.3311280049
86797,-98.5408016821,42.3335762014
86798,-98.41870183,42.3359095467
86799,-98.2965939905,42.3381280277
86800,-98.174478566,42.3402316329
86801,-98.052355959,42.3422203506
86802,-97.9302265718,42.3440941704
86803,-97.8080908083,42.3458530818
86804,-97.6859490709,42.3474970758
86805,-97.5638017622,42.3490261431
86806,-97.4416492851,42.3504402754
86807,-97.3194920445,42.3517394654
86808,-97.1973304433,42.3529237057
86809,-97.0751648847,42.3539929903
86810,-96.9529957724,42.3549473132
86811,-96.8308235106,42.3557866695
86812,-96.7086485022,42.3565110541
86813,-96.5864711512,42.3571204632
86814,-96.4642918612,42.3576148941
86815,-96.3421110364,42.3579943436
87215,-104.030822625,42.1990981038
87216,-103.909340781,42.2065884303
87217,-103.787833023,42.2139649056
87218,-103.66629974,42.2212274905
87219,-103.544741321,42.2283761464
87220,-103.423158156,42.2354108352
87221,-103.301550637,42.2423315195
87222,-103.179919154,42.2491381623
87223,-103.058264099,42.2558307277
87224,-102.936585863,42.2624091795
87225,-102.81488484,42.2688734826
87226,-102.693161421,42.2752236033
87227,-102.571416001,42.281459507
87228,-102.449648972,42.2875811602
87229,-102.32786073,42.2935885304
87230,-102.206051669,42.2994815859
87231,-102.084222183,42.3052602943
87232,-101.962372669,42.3109246251
87233,-101.840503522,42.3164745479
87234,-101.718615138,42.321910033100004
87235,-101.596707914,42.3272310513
87236,-101.474782246,42.3324375739
87237,-101.352838533,42.3375295728
87238,-101.230877172,42.3425070209
87239,-101.10889856,42.347369891
87240,-100.986903096,42.3521181577
87241,-100.864891178,42.3567517947
87242,-100.742863206,42.3612707775
87243,-100.620819579,42.365675082
87244,-100.498760697,42.3699646835
87245,-100.376686959,42.3741395597
87246,-100.254598766,42.3781996876
87247,-100.132496518,42.3821450459
87248,-100.010380616,42.3859756128
87249,-99.888251461,42.3896913677
87250,-99.7661094544,42.3932922902
87251,-99.6439549975,42.3967783611
87252,-99.5217884925,42.4001495621
87253,-99.3996103409,42.4034058743
87254,-99.2774209453,42.4065472802
87255,-99.1552207086,42.4095737633
87256,-99.0330100329,42.4124853065
87257,-98.910789321,42.4152818943
87258,-98.7885589765,42.417963512
87259,-98.6663194032,42.4205301442
87260,-98.5440710036,42.4229817776
87261,-98.4218141816,42.4253183988
87262,-98.2995493413,42.4275399948
87263,-98.1772768868,42.4296465541
87264,-98.0549972217,42.4316380648
87265,-97.9327107507,42.4335145166
87266,-97.8104178784,42.4352758989
87267,-97.6881190089,42.4369222025
87268,-97.5658145471,42.438453418
87269,-97.4435048972,42.4398695371
87270,-97.3211904645,42.4411705527
87271,-97.1988716546,42.4423564573
87272,-97.0765488723,42.4434272444
87273,-96.9542225228,42.4443829085
87274,-96.831893011,42.4452234444
87275,-96.7095607419,42.4459488473
87276,-96.5872261212,42.4465591131
87277,-96.4648895545,42.4470542389
87278,-96.3425514471,42.4474342215
87678,-104.041125067,42.2882006766
87679,-103.919488835,42.295701435
87680,-103.797826589,42.3030881877
87681,-103.67613872,42.3103608948
87682,-103.554425618,42.3175195179
87683,-103.432687677,42.3245640187
87684,-103.310925287,42.3314943592
87685,-103.189138841,42.3383105027
87686,-103.06732873199999,42.3450124127
87687,-102.945495353,42.3516000529
87688,-102.823639099,42.3580733882
87689,-102.701760364,42.3644323839
87690,-102.579859544,42.3706770061
87691,-102.457937031,42.376807221
87692,-102.335993223,42.3828229955
87693,-102.214028516,42.3887242977
87694,-102.092043306,42.3945110954
87695,-101.97003799,42.4001833578
87696,-101.848012966,42.4057410542
87697,-101.72596863,42.4111841545
87698,-101.603905382,42.4165126297
87699,-101.48182362,42.421726451
87700,-101.359723742,42.4268255895
87701,-101.237606148,42.4318100189
87702,-101.115471237,42.4366797112
87703,-100.993319408,42.4414346409
87704,-100.871151063,42.4460747817
87705,-100.748966601,42.450600109
87706,-100.626766425,42.4550105982
87707,-100.504550934,42.4593062248
87708,-100.38232053,42.463486966
87709,-100.260075614,42.4675527991
87710,-100.13781659,42.4715037021
87711,-100.015543859,42.4753396537
87712,-99.8932578238,42.4790606326
87713,-99.7709588868,42.4826666195
87714,-99.6486474519,42.4861575936
87715,-99.5263239222,42.4895335369
87716,-99.4039887014,42.4927944306
87717,-99.2816421929,42.4959402574
87718,-99.1592848011,42.4989710002
87719,-99.0369169301,42.5018866416
87720,-98.9145389846,42.5046871667
87721,-98.7921513689,42.5073725602
87722,-98.6697544881,42.5099428069
87723,-98.5473487475,42.5123978934
87724,-98.424934552,42.5147378058
87725,-98.3025123067,42.5169625317
87726,-98.1800824178,42.5190720592
87727,-98.057645290599993,42.5210663758
87728,-97.9352013316,42.522945472
87729,-97.8127509457,42.5247093366
87730,-97.6902945394,42.5263579606
87731,-97.5678325195,42.5278913346
87732,-97.4453652916,42.52930945
87733,-97.3228932623,42.5306122996
87734,-97.200416839,42.5317998764
87735,-97.0779364274,42.5328721731
87736,-96.9554524349,42.5338291848
87737,-96.8329652678,42.5346709056
87738,-96.710475333,42.5353973314
87739,-96.5879830379,42.5360084578
87740,-96.4654887887,42.5365042817
88141,-104.051453913,42.3773125839
88142,-103.929662902,42.3848238231
88143,-103.807845778,42.392220901
88144,-103.686002931,42.399503778
88145,-103.564134756,42.406672415
88146,-103.442241645,42.4137267734
88147,-103.320323992,42.4206668156
88148,-103.19838219,42.4274925045
88149,-103.076416634,42.4342038025
88150,-102.954427719,42.4408006744
88151,-102.832415841,42.4472830838
88152,-102.710381395,42.4536509971
88153,-102.588324777,42.4599043787
88154,-102.466246385,42.4660431952
88155,-102.344146616,42.4720674137
88156,-102.222025866,42.4779770011
88157,-102.099884534,42.4837719264
88158,-101.977723019,42.4894521574
88159,-101.85554172,42.4950176638
88160,-101.733341036,42.5004684153
88161,-101.611121365,42.5058043826
88162,-101.488883109,42.5110255366
88163,-101.366626667,42.5161318487
88164,-101.244352441,42.5211232919
88165,-101.122060831,42.5259998384
88166,-100.999752238,42.5307614624
88167,-100.877427065,42.5354081375
88168,-100.755085713,42.5399398391
88169,-100.632728585,42.5443565418
88170,-100.510356083,42.5486582217
88171,-100.387968611,42.5528448555
88172,-100.265566572,42.5569164208
88173,-100.143150369,42.5608728946
88174,-100.020720406,42.5647142562
88175,-99.8982770879,42.5684404844
88176,-99.7758208183,42.5720515586
88177,-99.6533520018,42.5755474592
88178,-99.530871044,42.5789281671
88179,-99.4083783498,42.5821936643
88180,-99.2858743245,42.5853439324
88181,-99.1633593732,42.5883789547
88182,-99.0408339022,42.5912987142
88183,-98.9182983179,42.5941031952
88184,-98.7957530259,42.5967923819
88185,-98.6731984331,42.5993662601
88186,-98.5506349462,42.601824816
88187,-98.4280629713,42.6041680351
88188,-98.3054829158,42.6063959057
88189,-98.1828951866,42.6085084148
88190,-98.0603001917,42.6105055514
88191,-97.9376983381,42.612387304
88192,-97.815090033,42.6141536627
88193,-97.6924756841,42.6158046183
88194,-97.5698556997,42.6173401609
88195,-97.447230487,42.6187602822
88196,-97.3246004544,42.6200649747
88197,-97.2019660106,42.621254231
88198,-97.0793275638,42.6223280448
88199,-96.9566855216,42.6232864103
88200,-96.8340402925,42.6241293218
88201,-96.7113922851,42.6248567756
88604,-104.061809265,42.4664340862
88605,-103.939863083,42.4739558551
88606,-103.817890688,42.4813633068
88607,-103.695892473,42.4886564011
88608,-103.57386883,42.495835099
88609,-103.451820156,42.5028993614
88610,-103.329746845,42.5098491509
88611,-103.207649293,42.5166844295
88612,-103.085527895,42.5234051601
88613,-102.963383049,42.5300113065
88614,-102.84121515,42.536502833
88615,-102.719024596,42.5428797051
88616,-102.596811786,42.5491418872
88617,-102.474577117,42.555289346
88618,-102.352320988,42.5613220477
88619,-102.230043797,42.5672399597
88620,-102.107745946,42.5730430505
88621,-101.985427833,42.5787312875
88622,-101.86308986,42.5843046408
88623,-101.740732426,42.5897630796
88624,-101.618355934,42.5951065739
88625,-101.495960783,42.6003350952
88626,-101.373547377,42.6054486149
88627,-101.251116117,42.6104471049
88628,-101.128667407,42.6153305381
88629,-101.006201648,42.6200988876
88630,-100.883719245,42.6247521281
88631,-100.7612206,42.6292902335
88632,-100.638706118,42.6337131789
88633,-100.516176203,42.6380209407
88634,-100.39363126,42.6422134952
88635,-100.271071693,42.6462908194
88636,-100.148497908,42.6502528905
88637,-100.025910309,42.6540996878
88638,-99.903309303,42.6578311896
88639,-99.7806952958,42.6614473751
88640,-99.6580686933,42.6649482255
88641,-99.5354299023,42.6683337208
88642,-99.4127793292,42.6716038429
88643,-99.2901173811,42.6747585735
88644,-99.1674444649,42.6777978954
88645,-99.0447609882,42.680721792600004
88646,-98.9220673586,42.6835302478
88647,-98.799363984,42.6862232463
88648,-98.676651273,42.6888007732
88649,-98.5539296325,42.6912628145
88650,-98.4311994715,42.6936093565
88651,-98.3084611987,42.6958403862
88652,-98.1857152224,42.6979558915
88653,-98.0629619519,42.6999558608
88654,-97.9402017959,42.7018402829
88655,-97.8174351637,42.7036091475
88656,-97.6946624645,42.7052624454
88657,-97.571884108,42.7068001669
88658,-97.4491005026,42.7082223033
88659,-97.3263120583,42.7095288472
88660,-97.2035191863,42.7107197915
88661,-97.0807222954,42.7117951295
88662,-96.957921795,42.7127548551
88663,-96.8351180956,42.7135989635
89067,-104.072191223,42.555565444
89068,-103.950089478,42.5630977923
89069,-103.827961419,42.5705156663
89070,-103.70580744,42.577819026
89071,-103.583627937,42.5850078319
89072,-103.461423304,42.592082045
89073,-103.33919394,42.5990416273
89074,-103.216940242,42.6058865408
89075,-103.094662606,42.6126167482
89076,-102.97236143,42.6192322128
89077,-102.850037113,42.6257328992
89078,-102.72769005400001,42.6321187719
89079,-102.605320653,42.6383897959
89080,-102.482929308,42.6445459373
89081,-102.360516421,42.6505871621
89082,-102.23808239,42.6565134382
89083,-102.115627619,42.6623247329
89084,-101.993152508,42.6680210138
89085,-101.87065746,42.6736022509
89086,-101.748142877,42.6790684127
89087,-101.62560916,42.6844194701
89088,-101.503056713,42.6896553935
89089,-101.380485941,42.6947761543
89090,-101.257897245,42.6997817247
89091,-101.135291031,42.704672077
89092,-101.012667703,42.7094471842
89093,-100.890027666,42.7141070206
89094,-100.767371324,42.7186515604
89095,-100.644699085,42.7230807784
89096,-100.522011352,42.7273946506
89097,-100.399308532,42.7315931535
89098,-100.276591033,42.7356762636
89099,-100.153859259,42.7396439589
89100,-100.031113619,42.7434962172
89101,-99.90835452,42.7472330173
89102,-99.7855823688,42.750854339200004
89103,-99.6627975735,42.7543601626
89104,-99.5400005423,42.7577504678
89105,-99.4171916835,42.7610252367
89106,-99.2943714053,42.7641844509
89107,-99.1715401169,42.767228093
89108,-99.048698227,42.7701561468
89109,-98.9258461444,42.7729685952
89110,-98.8029842795,42.7756654233
89111,-98.6801130414,42.7782466164
89112,-98.5572328391,42.7807121596
89113,-98.4343440832,42.7830620399
89114,-98.3114471842,42.7852962441
89115,-98.1885425518,42.7874147597
89116,-98.0656305973,42.7894175751
89117,-97.9427117302,42.791304679
89118,-97.8197863613,42.7930760618
89119,-97.6968549026,42.7947317129
89120,-97.5739177638,42.7962716237
89121,-97.4509753559,42.7976957847
89122,-97.3280280909,42.799004189
89123,-97.2050763809,42.800196829
89124,-97.0821206359,42.8012736984
89125,-96.9591612674,42.8022347908
89530,-104.08259989,42.64470692
89531,-103.960342189,42.6522498969
89532,-103.83805807,42.6596782422
89533,-103.715747932,42.6669919156
89534,-103.593412171,42.6741908771
89535,-103.471051184,42.6812750876
89536,-103.348665371,42.6882445089
89537,-103.226255128,42.6950991025
89538,-103.103820855,42.7018388313
89539,-102.981362952,42.7084636583
89540,-102.858881819,42.7149735476
89541,-102.736377855,42.7213684635
89542,-102.613851463,42.7276483712
89543,-102.491303042,42.7338132362
89544,-102.368732996,42.7398630247
89545,-102.246141724,42.7457977038
89546,-102.123529632,42.751617241
89547,-102.000897122,42.757321604
89548,-101.878244596,42.7629107618
89549,-101.755572459,42.7683846835
89550,-101.632881116,42.7737433394
89551,-101.51017097,42.7789866999
89552,-101.387442427,42.7841147363
89553,-101.264695892,42.7891274201
89554,-101.141931769,42.7940247239
89555,-101.019150467,42.7988066209
89556,-100.896352391,42.8034730844
89557,-100.773537947,42.808024089
89558,-100.650707544,42.8124596092
89559,-100.527861587,42.8167796209
89560,-100.405000485,42.8209841003
89561,-100.282124646,42.8250730241
89562,-100.159234478,42.8290463698
89563,-100.036330389,42.832904115
89564,-99.9134127886,42.836646239
89565,-99.790482086,42.8402727211
89566,-99.6675386901,42.8437835407
89567,-99.5445830104,42.8471786788
89568,-99.4216154575,42.8504581163
89569,-99.2986364407,42.8536218353
89570,-99.1756463705,42.8566698183
89571,-99.0526456579,42.8596020483
89572,-98.9296347136,42.8624185091
89573,-98.806613948,42.8651191852
89574,-98.6835837728,42.8677040613
89575,-98.5605445995,42.8701731236
89576,-98.4374968392,42.8725263577
89577,-98.3144409037,42.8747637512
89578,-98.191377205,42.8768852914
89581,-97.8221436503,42.8825546777
89582,-97.6990530202,42.8842126935
89583,-97.5759566885,42.8857548036
89584,-97.4528550671,42.8871809992
89585,-97.3297485697,42.8884912727
89586,-97.2066376099,42.8896856165
89993,-104.093035371,42.7338587778
89994,-103.970621315,42.7414124336
89995,-103.848180741,42.7488512994
89996,-103.725714047,42.7561753352
89997,-103.603221631,42.7633845002
89998,-103.480703892,42.7704787551
89999,-103.35816123,42.7774580613
90000,-103.235594044,42.7843223811
90001,-103.113002735,42.7910716762
90002,-102.990387705,42.7977059097
90003,-102.867749355,42.8042250452
90004,-102.745088086,42.810629047
90005,-102.622404301,42.8169178804
90006,-102.499698403,42.8230915101
90007,-102.376970795,42.8291499028
90008,-102.25422188,42.8350930248
90009,-102.131452063,42.840920843
90010,-102.008661749,42.8466333263
90011,-101.885851343,42.8522304425
90012,-101.76302125,42.8577121609
90013,-101.640171875,42.863078451
90014,-101.517303624,42.8683292839
90015,-101.394416905,42.87346463
90016,-101.271512124,42.878484461
90017,-101.148589689,42.8833887494
90018,-101.025650006,42.8881774679
90019,-100.902693484,42.8928505901
90020,-100.779720531,42.8974080901
90021,-100.656731556,42.9018499424
90022,-100.533726968,42.9061761226
90023,-100.410707175,42.9103866071
90024,-100.287672588,42.9144813719
90025,-100.164623616,42.9184603947
90026,-100.04156067,42.9223236531
90027,-99.9184841597,42.9260711259
90028,-99.7953944963,42.9297027925
90029,-99.6722920898,42.9332186322
90030,-99.549177352,42.9366186262
90031,-99.4260506943,42.9399027543
90032,-99.3029125288,42.9430709996
90033,-99.1797632669,42.9461233438
90034,-99.0566033209,42.9490597703
90035,-98.9334331037,42.9518802623
90036,-98.8102530267,42.9545848045
90037,-98.6870635032,42.9571733816
90038,-98.5638649466,42.959645979
90039,-98.4406577701,42.9620025831
90456,-104.103497767,42.8230212829
90457,-103.98092696,42.8305856677
90458,-103.858329533,42.8380351041
90459,-103.735705884,42.8453695506
90460,-103.613056414,42.8525889672
90461,-103.490381523,42.8596933142
90462,-103.367681612,42.8666825524
90463,-103.244957083,42.8735566438
90464,-103.122208338,42.8803155504
90465,-102.999435779,42.8869592345
90466,-102.876639809,42.8934876604
90467,-102.753820832,42.8999007912
90468,-102.630979252,42.906198592
90469,-102.508115473,42.9123810281
90470,-102.3852299,42.9184480652
90471,-102.262322938,42.9243996699
90472,-102.139394992,42.9302358091
90473,-102.01644647,42.9359564508
90474,-101.893477777,42.941561563
90475,-101.770489321,42.9470511149
90476,-101.647481508,42.9524250757
90477,-101.524454747,42.9576834162
90478,-101.401409445,42.9628261066
90479,-101.278346012,42.967853119
90480,-101.155264854,42.9727644251
90481,-101.032166383,42.9775599974
90482,-100.909051008,42.9822398096
90483,-100.785919137,42.9868038358
90484,-100.662771181,42.9912520502
90485,-100.539607552,42.9955844283
90486,-100.41642866,42.999800946
90487,-100.293234915,43.0039015798
90488,-100.17002673,43.0078863065
90489,-100.046804516,43.0117551042
90490,-99.9235686845,43.0155079515
90491,-99.8003196488,43.0191448273
90492,-99.6770578207,43.0226657109
90493,-99.5537836132,43.0260705833
90494,-99.4304974396,43.029359425
90495,-99.3071997134,43.0325322179
90496,-99.1838908474,43.0355889443
90497,-99.0605712557,43.0385295871
90498,-98.9372413523,43.0413541295
90499,-98.8139015513,43.044062556
90919,-104.113987183,42.9121947022
90920,-103.991259227,42.9197698669
90921,-103.868504546,42.9272299232
90922,-103.745723542,42.93457483
90923,-103.622916618,42.9418045463
90924,-103.500084174,42.948919033
90925,-103.377226613,42.9559182503
90926,-103.254344338,42.9628021595
90927,-103.131437753,42.9695707228
90928,-103.008507263,42.9762239027
90929,-102.885553271,42.9827616624
90930,-102.762576182,42.9891839655
90931,-102.639576403,42.9954907764
90932,-102.516554338,43.0016820604
90933,-102.393510395,43.0077577834
90934,-102.270444979,43.0137179108
90935,-102.147358498,43.01956241
90936,-102.024251361,43.025291249
90937,-101.901123975,43.030904395
90938,-101.777976749,43.0364018175
90939,-101.654810091,43.0417834854
91383,-104.001618217,43.008965299
91384,-103.878705883,43.0164360254
91385,-103.755767123,43.0237914421
91386,-103.632802341,43.031031507
91387,-103.509811941,43.0381561813
91388,-103.386796327,43.0451654247
