FID_NAbat_,CONUS_10KM
110.0,75662.0
1389.0,85375.0
391.0,77981.0
1583.0,86765.0
434.0,78433.0
982.0,82593.0
327.0,77509.0
917.0,82134.0
1518.0,86301.0
1455.0,85839.0
992.0,82603.0
1385.0,85371.0
1466.0,85850.0
387.0,77977.0
1322.0,84912.0
1452.0,85836.0
1463.0,85847.0
1056.0,83062.0
1519.0,86302.0
839.0,81661.0
1325.0,84915.0
1393.0,85379.0
651.0,80289.0
722.0,80756.0
1204.0,84002.0
1067.0,83073.0
1320.0,84910.0
597.0,79826.0
165.0,76124.0
1599.0,86781.0
712.0,80746.0
1129.0,83531.0
1250.0,84444.0
725.0,80759.0
276.0,77050.0
1060.0,83066.0
1453.0,85837.0
1319.0,84909.0
596.0,79825.0
1197.0,83995.0
1597.0,86779.0
541.0,79360.0
852.0,81674.0
107.0,75659.0
1065.0,83071.0
842.0,81664.0
718.0,80752.0
1570.0,86752.0
1387.0,85373.0
105.0,75657.0
1528.0,86311.0
792.0,81220.0
1323.0,84913.0
1598.0,86780.0
598.0,79827.0
717.0,80751.0
328.0,77510.0
1589.0,86771.0
605.0,79834.0
1390.0,85376.0
795.0,81223.0
843.0,81665.0
1248.0,84442.0
1255.0,84449.0
1051.0,83057.0
440.0,78439.0
848.0,81670.0
281.0,77055.0
381.0,77971.0
435.0,78434.0
1398.0,85384.0
1459.0,85843.0
1584.0,86766.0
1647.0,87228.0
1642.0,87223.0
654.0,80292.0
1520.0,86303.0
279.0,77053.0
1113.0,83515.0
987.0,82598.0
1644.0,87225.0
109.0,75661.0
1526.0,86309.0
447.0,78446.0
443.0,78442.0
989.0,82600.0
709.0,80743.0
1587.0,86769.0
1386.0,85372.0
336.0,77518.0
283.0,77057.0
653.0,80291.0
786.0,81214.0
1258.0,84452.0
1646.0,87227.0
329.0,77511.0
769.0,81197.0
1444.0,85828.0
1265.0,84459.0
1388.0,85374.0
1405.0,85391.0
1261.0,84455.0
1460.0,85844.0
1381.0,85367.0
780.0,81208.0
1535.0,86318.0
851.0,81673.0
1264.0,84458.0
716.0,80750.0
723.0,80757.0
1517.0,86300.0
1397.0,85383.0
160.0,76119.0
1254.0,84448.0
1256.0,84450.0
1575.0,86757.0
721.0,80755.0
788.0,81216.0
1247.0,84441.0
1534.0,86317.0
922.0,82139.0
1445.0,85829.0
1470.0,85854.0
1442.0,85826.0
1443.0,85827.0
1045.0,83051.0
1193.0,83991.0
1001.0,82612.0
912.0,82129.0
1326.0,84916.0
1588.0,86770.0
658.0,80296.0
436.0,78435.0
1184.0,83982.0
1515.0,86298.0
1055.0,83061.0
918.0,82135.0
224.0,76590.0
849.0,81671.0
1454.0,85838.0
1118.0,83520.0
1582.0,86764.0
168.0,76127.0
1406.0,85392.0
1514.0,86297.0
988.0,82599.0
280.0,77054.0
1249.0,84443.0
1573.0,86755.0
274.0,77048.0
791.0,81219.0
984.0,82595.0
844.0,81666.0
773.0,81201.0
707.0,80741.0
1578.0,86760.0
1315.0,84905.0
1593.0,86775.0
793.0,81221.0
593.0,79822.0
273.0,77047.0
650.0,80288.0
500.0,78909.0
1125.0,83527.0
1451.0,85835.0
1133.0,83535.0
275.0,77049.0
774.0,81202.0
1516.0,86299.0
1530.0,86313.0
171.0,76130.0
1446.0,85830.0
116.0,75668.0
489.0,78898.0
599.0,79828.0
1524.0,86307.0
1580.0,86762.0
655.0,80293.0
1395.0,85381.0
1313.0,84903.0
162.0,76121.0
382.0,77972.0
923.0,82140.0
1190.0,83988.0
1131.0,83533.0
492.0,78901.0
546.0,79365.0
1178.0,83976.0
782.0,81210.0
1458.0,85842.0
1595.0,86777.0
1377.0,85363.0
389.0,77979.0
727.0,80761.0
1525.0,86308.0
380.0,77970.0
1195.0,83993.0
1119.0,83521.0
790.0,81218.0
1521.0,86304.0
325.0,77507.0
1053.0,83059.0
1253.0,84447.0
1471.0,85855.0
726.0,80760.0
544.0,79363.0
720.0,80754.0
1513.0,86296.0
384.0,77974.0
600.0,79829.0
540.0,79359.0
1002.0,82613.0
1114.0,83516.0
1392.0,85378.0
789.0,81217.0
1339.0,84929.0
330.0,77512.0
700.0,80734.0
441.0,78440.0
652.0,80290.0
1585.0,86767.0
169.0,76128.0
907.0,82124.0
227.0,76593.0
1183.0,83981.0
1337.0,84927.0
1334.0,84924.0
167.0,76126.0
985.0,82596.0
710.0,80744.0
385.0,77975.0
1064.0,83070.0
1309.0,84899.0
1512.0,86295.0
1384.0,85370.0
163.0,76122.0
495.0,78904.0
919.0,82136.0
1321.0,84911.0
1522.0,86305.0
863.0,81685.0
337.0,77519.0
392.0,77982.0
981.0,82592.0
1049.0,83055.0
1130.0,83532.0
1450.0,85834.0
916.0,82133.0
595.0,79824.0
494.0,78903.0
334.0,77516.0
498.0,78907.0
103.0,75655.0
724.0,80758.0
1317.0,84907.0
1244.0,84438.0
606.0,79835.0
1122.0,83524.0
1063.0,83069.0
785.0,81213.0
1329.0,84919.0
604.0,79833.0
1403.0,85389.0
855.0,81677.0
446.0,78445.0
1336.0,84926.0
1324.0,84914.0
543.0,79362.0
702.0,80736.0
784.0,81212.0
783.0,81211.0
222.0,76588.0
719.0,80753.0
1531.0,86314.0
1506.0,86289.0
1462.0,85846.0
1396.0,85382.0
1449.0,85833.0
547.0,79366.0
217.0,76583.0
1187.0,83985.0
1590.0,86772.0
1645.0,87226.0
1529.0,86312.0
488.0,78897.0
172.0,76131.0
1638.0,87219.0
225.0,76591.0
775.0,81203.0
715.0,80749.0
915.0,82132.0
714.0,80748.0
648.0,80286.0
794.0,81222.0
1461.0,85845.0
974.0,82585.0
845.0,81667.0
491.0,78900.0
1596.0,86778.0
771.0,81199.0
713.0,80747.0
1202.0,84e3
1380.0,85366.0
864.0,81686.0
1456.0,85840.0
787.0,81215.0
111.0,75663.0
1185.0,83983.0
1186.0,83984.0
170.0,76129.0
649.0,80287.0
1062.0,83068.0
1469.0,85853.0
838.0,81660.0
1394.0,85380.0
594.0,79823.0
282.0,77056.0
1263.0,84457.0
1188.0,83986.0
1110.0,83512.0
1259.0,84453.0
921.0,82138.0
711.0,80745.0
1189.0,83987.0
1180.0,83978.0
278.0,77052.0
905.0,82122.0
1135.0,83537.0
545.0,79364.0
1592.0,86774.0
114.0,75666.0
1123.0,83525.0
660.0,80298.0
383.0,77973.0
858.0,81680.0
1112.0,83514.0
856.0,81678.0
796.0,81224.0
924.0,82141.0
1523.0,86306.0
913.0,82130.0
1044.0,83050.0
59.0,75205.0
861.0,81683.0
1057.0,83063.0
326.0,77508.0
1246.0,84440.0
854.0,81676.0
932.0,82149.0
115.0,75667.0
1579.0,86761.0
1591.0,86773.0
1448.0,85832.0
1127.0,83529.0
542.0,79361.0
1533.0,86316.0
1134.0,83536.0
219.0,76585.0
332.0,77514.0
161.0,76120.0
603.0,79832.0
656.0,80294.0
439.0,78438.0
1586.0,86768.0
1328.0,84918.0
1069.0,83075.0
1054.0,83060.0
228.0,76594.0
166.0,76125.0
1196.0,83994.0
58.0,75204.0
601.0,79830.0
659.0,80297.0
933.0,82150.0
920.0,82137.0
1391.0,85377.0
914.0,82131.0
106.0,75658.0
983.0,82594.0
277.0,77051.0
1532.0,86315.0
1042.0,83048.0
1643.0,87224.0
272.0,77046.0
1061.0,83067.0
1314.0,84904.0
778.0,81206.0
703.0,80737.0
910.0,82127.0
1508.0,86291.0
1041.0,83047.0
493.0,78902.0
442.0,78441.0
1243.0,84437.0
1457.0,85841.0
1050.0,83056.0
904.0,82121.0
333.0,77515.0
768.0,81196.0
499.0,78908.0
335.0,77517.0
1194.0,83992.0
548.0,79367.0
1379.0,85365.0
388.0,77978.0
553.0,79372.0
853.0,81675.0
1316.0,84906.0
1268.0,84462.0
840.0,81662.0
1262.0,84456.0
1257.0,84451.0
973.0,82584.0
1132.0,83534.0
1310.0,84900.0
1120.0,83522.0
216.0,76582.0
104.0,75656.0
781.0,81209.0
999.0,82610.0
221.0,76587.0
1e3,82611.0
108.0,75660.0
1111.0,83513.0
386.0,77976.0
57.0,75203.0
1327.0,84917.0
927.0,82144.0
223.0,76589.0
779.0,81207.0
1641.0,87222.0
55.0,75201.0
770.0,81198.0
846.0,81668.0
1447.0,85831.0
549.0,79368.0
1382.0,85368.0
1245.0,84439.0
929.0,82146.0
1318.0,84908.0
850.0,81672.0
857.0,81679.0
1383.0,85369.0
1068.0,83074.0
220.0,76586.0
909.0,82126.0
1399.0,85385.0
390.0,77980.0
331.0,77513.0
1581.0,86763.0
552.0,79371.0
837.0,81659.0
926.0,82143.0
438.0,78437.0
490.0,78899.0
1467.0,85851.0
1468.0,85852.0
215.0,76581.0
1576.0,86758.0
772.0,81200.0
647.0,80285.0
1260.0,84454.0
906.0,82123.0
1203.0,84001.0
1271.0,84465.0
1311.0,84901.0
159.0,76118.0
862.0,81684.0
928.0,82145.0
271.0,77045.0
1574.0,86756.0
841.0,81663.0
393.0,77983.0
776.0,81204.0
847.0,81669.0
1376.0,85362.0
657.0,80295.0
445.0,78444.0
218.0,76584.0
1404.0,85390.0
1331.0,84921.0
859.0,81681.0
1201.0,83999.0
1312.0,84902.0
550.0,79369.0
986.0,82597.0
496.0,78905.0
1124.0,83526.0
1251.0,84445.0
1330.0,84920.0
908.0,82125.0
164.0,76123.0
995.0,82606.0
1136.0,83538.0
338.0,77520.0
112.0,75664.0
113.0,75665.0
1594.0,86776.0
1191.0,83989.0
1128.0,83530.0
1270.0,84464.0
1465.0,85849.0
1199.0,83997.0
1252.0,84446.0
911.0,82128.0
56.0,75202.0
1378.0,85364.0
646.0,80284.0
1402.0,85388.0
53.0,75199.0
602.0,79831.0
836.0,81658.0
1640.0,87221.0
976.0,82587.0
551.0,79370.0
991.0,82602.0
708.0,80742.0
1332.0,84922.0
226.0,76592.0
975.0,82586.0
1464.0,85848.0
497.0,78906.0
1121.0,83523.0
54.0,75200.0
1046.0,83052.0
1179.0,83977.0
777.0,81205.0
1181.0,83979.0
1115.0,83517.0
701.0,80735.0
997.0,82608.0
1338.0,84928.0
1137.0,83539.0
977.0,82588.0
1577.0,86759.0
1126.0,83528.0
1507.0,86290.0
1571.0,86753.0
1400.0,85386.0
1048.0,83054.0
930.0,82147.0
1043.0,83049.0
270.0,77044.0
996.0,82607.0
1198.0,83996.0
1117.0,83519.0
1269.0,84463.0
998.0,82609.0
1200.0,83998.0
1335.0,84925.0
1634.0,87215.0
487.0,78896.0
994.0,82605.0
990.0,82601.0
706.0,80740.0
1267.0,84461.0
1176.0,83974.0
767.0,81195.0
1266.0,84460.0
978.0,82589.0
1066.0,83072.0
980.0,82591.0
437.0,78436.0
1059.0,83065.0
1192.0,83990.0
1639.0,87220.0
704.0,80738.0
1070.0,83076.0
444.0,78443.0
1058.0,83064.0
925.0,82142.0
705.0,80739.0
1177.0,83975.0
1637.0,87218.0
1401.0,85387.0
1636.0,87217.0
1272.0,84466.0
1182.0,83980.0
1109.0,83511.0
1047.0,83053.0
1116.0,83518.0
1108.0,83510.0
1333.0,84923.0
1242.0,84436.0
1527.0,86310.0
1510.0,86293.0
931.0,82148.0
979.0,82590.0
1511.0,86294.0
865.0,81687.0
1052.0,83058.0
1509.0,86292.0
1175.0,83973.0
860.0,81682.0
993.0,82604.0
1635.0,87216.0
317.0,77091.0
1275.0,84469.0
936.0,82153.0
561.0,79380.0
730.0,80764.0
1489.0,85873.0
1155.0,83557.0
812.0,81240.0
1022.0,82633.0
1543.0,86326.0
733.0,80767.0
935.0,82152.0
1348.0,84938.0
1079.0,83085.0
1146.0,83548.0
1344.0,84934.0
1416.0,85402.0
1009.0,82620.0
75.0,75221.0
1566.0,86349.0
1483.0,85867.0
1349.0,84939.0
1421.0,85407.0
1098.0,83104.0
1355.0,84945.0
874.0,81696.0
30.0,74771.0
1601.0,86783.0
1418.0,85404.0
617.0,79846.0
885.0,81707.0
1150.0,83552.0
1081.0,83087.0
144.0,75696.0
957.0,82174.0
1487.0,85871.0
758.0,80792.0
285.0,77059.0
1156.0,83558.0
232.0,76598.0
1013.0,82624.0
68.0,75214.0
1289.0,84483.0
1551.0,86334.0
799.0,81227.0
397.0,77987.0
1354.0,84944.0
1486.0,85870.0
1409.0,85395.0
1428.0,85414.0
74.0,75220.0
641.0,79870.0
1279.0,84473.0
316.0,77090.0
1147.0,83549.0
1474.0,85858.0
1169.0,83571.0
1302.0,84496.0
1429.0,85415.0
1082.0,83088.0
674.0,80312.0
877.0,81699.0
586.0,79405.0
820.0,81248.0
892.0,81714.0
1485.0,85869.0
619.0,79848.0
1550.0,86333.0
1084.0,83090.0
893.0,81715.0
952.0,82169.0
1364.0,84954.0
203.0,76162.0
560.0,79379.0
1438.0,85424.0
1436.0,85422.0
898.0,81720.0
966.0,82183.0
881.0,81703.0
800.0,81228.0
1144.0,83546.0
870.0,81692.0
1351.0,84941.0
821.0,81249.0
1350.0,84940.0
557.0,79376.0
1290.0,84484.0
1283.0,84477.0
887.0,81709.0
1408.0,85394.0
944.0,82161.0
1215.0,84013.0
79.0,75225.0
180.0,76139.0
395.0,77985.0
1017.0,82628.0
1494.0,85878.0
830.0,81258.0
482.0,78481.0
1090.0,83096.0
1423.0,85409.0
83.0,75229.0
246.0,76612.0
819.0,81247.0
949.0,82166.0
1363.0,84953.0
616.0,79845.0
618.0,79847.0
620.0,79849.0
621.0,79850.0
668.0,80306.0
669.0,80307.0
670.0,80308.0
675.0,80313.0
676.0,80314.0
734.0,80768.0
735.0,80769.0
736.0,80770.0
803.0,81231.0
950.0,82167.0
424.0,78014.0
286.0,77060.0
810.0,81238.0
1484.0,85868.0
1420.0,85406.0
744.0,80778.0
1368.0,84958.0
1604.0,86786.0
230.0,76596.0
66.0,75212.0
965.0,82182.0
614.0,79843.0
671.0,80309.0
1103.0,83109.0
1422.0,85408.0
1288.0,84482.0
638.0,79867.0
1216.0,84014.0
1299.0,84493.0
1558.0,86341.0
888.0,81710.0
1411.0,85397.0
889.0,81711.0
19.0,74760.0
555.0,79374.0
87.0,75233.0
532.0,78941.0
1419.0,85405.0
1352.0,84942.0
63.0,75209.0
762.0,80796.0
1004.0,82615.0
263.0,76629.0
146.0,75698.0
1482.0,85866.0
1537.0,86320.0
21.0,74762.0
895.0,81717.0
738.0,80772.0
481.0,78480.0
1214.0,84012.0
959.0,82176.0
940.0,82157.0
1491.0,85875.0
1208.0,84006.0
1141.0,83543.0
133.0,75685.0
1075.0,83081.0
1148.0,83550.0
682.0,80320.0
1358.0,84948.0
1425.0,85411.0
1353.0,84943.0
505.0,78914.0
189.0,76148.0
732.0,80766.0
875.0,81697.0
811.0,81239.0
70.0,75216.0
1074.0,83080.0
504.0,78913.0
1607.0,86789.0
816.0,81244.0
1552.0,86335.0
425.0,78015.0
23.0,74764.0
175.0,76134.0
1025.0,82636.0
640.0,79869.0
937.0,82154.0
1547.0,86330.0
1603.0,86785.0
1278.0,84472.0
1224.0,84022.0
1540.0,86323.0
502.0,78911.0
1505.0,85889.0
204.0,76163.0
564.0,79383.0
743.0,80777.0
24.0,74765.0
176.0,76135.0
1373.0,84963.0
1023.0,82634.0
871.0,81693.0
1548.0,86331.0
867.0,81689.0
507.0,78916.0
1427.0,85413.0
805.0,81233.0
318.0,77092.0
76.0,75222.0
1006.0,82617.0
340.0,77522.0
371.0,77553.0
831.0,81259.0
665.0,80303.0
132.0,75684.0
1481.0,85865.0
131.0,75683.0
809.0,81237.0
1362.0,84952.0
807.0,81235.0
880.0,81702.0
314.0,77088.0
94.0,75240.0
878.0,81700.0
879.0,81701.0
1545.0,86328.0
1538.0,86321.0
259.0,76625.0
673.0,80311.0
480.0,78479.0
1236.0,84034.0
69.0,75215.0
86.0,75232.0
205.0,76164.0
747.0,80781.0
1488.0,85872.0
65.0,75211.0
1139.0,83541.0
1291.0,84485.0
938.0,82155.0
943.0,82160.0
1158.0,83560.0
1365.0,84955.0
1546.0,86329.0
1157.0,83559.0
35.0,74776.0
1553.0,86336.0
639.0,79868.0
26.0,74767.0
1417.0,85403.0
1237.0,84035.0
731.0,80765.0
84.0,75230.0
1473.0,85857.0
33.0,74774.0
1356.0,84946.0
827.0,81255.0
1360.0,84950.0
815.0,81243.0
533.0,78942.0
36.0,74777.0
29.0,74770.0
1477.0,85861.0
1091.0,83097.0
1072.0,83078.0
662.0,80300.0
1542.0,86325.0
691.0,80329.0
1549.0,86332.0
511.0,78920.0
946.0,82163.0
806.0,81234.0
1490.0,85874.0
562.0,79381.0
231.0,76597.0
1027.0,82638.0
1209.0,84007.0
261.0,76627.0
1149.0,83551.0
207.0,76166.0
135.0,75687.0
1475.0,85859.0
1496.0,85880.0
679.0,80317.0
897.0,81719.0
642.0,79871.0
587.0,79406.0
372.0,77554.0
748.0,80782.0
873.0,81695.0
134.0,75686.0
890.0,81712.0
1305.0,84499.0
1154.0,83556.0
123.0,75675.0
1295.0,84489.0
534.0,78943.0
1495.0,85879.0
1228.0,84026.0
900.0,81722.0
612.0,79841.0
120.0,75672.0
813.0,81241.0
886.0,81708.0
149.0,75701.0
373.0,77555.0
1083.0,83089.0
565.0,79384.0
1298.0,84492.0
118.0,75670.0
22.0,74763.0
953.0,82170.0
427.0,78017.0
568.0,79387.0
585.0,79404.0
1078.0,83084.0
759.0,80793.0
423.0,78013.0
1372.0,84962.0
1544.0,86327.0
151.0,75703.0
1503.0,85887.0
1341.0,84931.0
126.0,75678.0
20.0,74761.0
1370.0,84960.0
1437.0,85423.0
1035.0,82646.0
1211.0,84009.0
742.0,80776.0
1034.0,82645.0
566.0,79385.0
124.0,75676.0
741.0,80775.0
1100.0,83106.0
1018.0,82629.0
567.0,79386.0
947.0,82164.0
694.0,80332.0
67.0,75213.0
121.0,75673.0
1539.0,86322.0
245.0,76611.0
556.0,79375.0
369.0,77551.0
1498.0,85882.0
1086.0,83092.0
71.0,75217.0
683.0,80321.0
1440.0,85426.0
1281.0,84475.0
125.0,75677.0
954.0,82171.0
64.0,75210.0
1073.0,83079.0
1557.0,86340.0
1087.0,83093.0
964.0,82181.0
1080.0,83086.0
876.0,81698.0
1493.0,85877.0
72.0,75218.0
941.0,82158.0
178.0,76137.0
426.0,78016.0
814.0,81242.0
1207.0,84005.0
201.0,76160.0
1007.0,82618.0
740.0,80774.0
884.0,81706.0
1346.0,84936.0
1479.0,85863.0
955.0,82172.0
832.0,81260.0
1556.0,86339.0
899.0,81721.0
93.0,75239.0
872.0,81694.0
1359.0,84949.0
1499.0,85883.0
206.0,76165.0
31.0,74772.0
1085.0,83091.0
1432.0,85418.0
1555.0,86338.0
1361.0,84951.0
1500.0,85884.0
1497.0,85881.0
174.0,76133.0
145.0,75697.0
1430.0,85416.0
1347.0,84937.0
1426.0,85412.0
1172.0,83574.0
1226.0,84024.0
802.0,81230.0
627.0,79856.0
745.0,80779.0
1410.0,85396.0
34.0,74775.0
92.0,75238.0
288.0,77062.0
1478.0,85862.0
1554.0,86337.0
1036.0,82647.0
1145.0,83547.0
967.0,82184.0
1441.0,85427.0
28.0,74769.0
81.0,75227.0
289.0,77063.0
260.0,76626.0
1019.0,82630.0
868.0,81690.0
883.0,81705.0
1285.0,84479.0
150.0,75702.0
737.0,80771.0
1297.0,84491.0
1020.0,82631.0
1277.0,84471.0
202.0,76161.0
1304.0,84498.0
428.0,78018.0
1219.0,84017.0
1433.0,85419.0
1005.0,82616.0
804.0,81232.0
1037.0,82648.0
90.0,75236.0
882.0,81704.0
341.0,77523.0
1168.0,83570.0
1230.0,84028.0
1218.0,84016.0
1165.0,83567.0
91.0,75237.0
1476.0,85860.0
119.0,75671.0
1424.0,85410.0
894.0,81716.0
948.0,82165.0
818.0,81246.0
829.0,81257.0
344.0,77526.0
233.0,76599.0
891.0,81713.0
78.0,75224.0
247.0,76613.0
1602.0,86784.0
62.0,75208.0
749.0,80783.0
637.0,79866.0
1106.0,83112.0
939.0,82156.0
136.0,75688.0
677.0,80315.0
951.0,82168.0
1217.0,84015.0
262.0,76628.0
609.0,79838.0
750.0,80784.0
1223.0,84021.0
25.0,74766.0
1286.0,84480.0
960.0,82177.0
611.0,79840.0
1284.0,84478.0
191.0,76150.0
681.0,80319.0
184.0,76143.0
680.0,80318.0
137.0,75689.0
1225.0,84023.0
1345.0,84935.0
632.0,79861.0
825.0,81253.0
422.0,78012.0
305.0,77079.0
528.0,78937.0
140.0,75692.0
197.0,76156.0
524.0,78933.0
416.0,78006.0
351.0,77533.0
518.0,78927.0
405.0,77995.0
258.0,76624.0
248.0,76614.0
141.0,75693.0
367.0,77549.0
515.0,78924.0
244.0,76610.0
454.0,78453.0
751.0,80785.0
581.0,79400.0
634.0,79863.0
253.0,76619.0
522.0,78931.0
142.0,75694.0
360.0,77542.0
523.0,78932.0
143.0,75695.0
398.0,77988.0
353.0,77535.0
517.0,78926.0
357.0,77539.0
455.0,78454.0
456.0,78455.0
688.0,80326.0
628.0,79857.0
574.0,79393.0
303.0,77077.0
415.0,78005.0
468.0,78467.0
578.0,79397.0
579.0,79398.0
823.0,81251.0
636.0,79865.0
417.0,78007.0
311.0,77085.0
299.0,77073.0
296.0,77070.0
400.0,77990.0
129.0,75681.0
404.0,77994.0
453.0,78452.0
631.0,79860.0
186.0,76145.0
519.0,78928.0
756.0,80790.0
128.0,75680.0
630.0,79859.0
235.0,76601.0
530.0,78939.0
477.0,78476.0
1504.0,85888.0
462.0,78461.0
411.0,78001.0
181.0,76140.0
187.0,76146.0
359.0,77541.0
572.0,79391.0
240.0,76606.0
130.0,75682.0
348.0,77530.0
345.0,77527.0
406.0,77996.0
573.0,79392.0
252.0,76618.0
82.0,75228.0
368.0,77550.0
310.0,77084.0
138.0,75690.0
251.0,76617.0
366.0,77548.0
347.0,77529.0
452.0,78451.0
343.0,77525.0
255.0,76621.0
420.0,78010.0
307.0,77081.0
301.0,77075.0
461.0,78460.0
822.0,81250.0
413.0,78003.0
127.0,75679.0
472.0,78471.0
690.0,80328.0
85.0,75231.0
249.0,76615.0
306.0,77080.0
473.0,78472.0
239.0,76605.0
243.0,76609.0
242.0,76608.0
200.0,76159.0
752.0,80786.0
626.0,79855.0
521.0,78930.0
410.0,78e3
291.0,77065.0
183.0,76142.0
199.0,76158.0
584.0,79403.0
313.0,77087.0
352.0,77534.0
236.0,76602.0
237.0,76603.0
457.0,78456.0
576.0,79395.0
629.0,79858.0
185.0,76144.0
292.0,77066.0
350.0,77532.0
575.0,79394.0
529.0,78938.0
295.0,77069.0
583.0,79402.0
686.0,80324.0
304.0,77078.0
516.0,78925.0
294.0,77068.0
570.0,79389.0
451.0,78450.0
580.0,79399.0
364.0,77546.0
687.0,80325.0
470.0,78469.0
302.0,77076.0
526.0,78935.0
182.0,76141.0
290.0,77064.0
684.0,80322.0
194.0,76153.0
198.0,76157.0
139.0,75691.0
664.0,80302.0
300.0,77074.0
1374.0,84964.0
1239.0,84037.0
1143.0,83545.0
808.0,81236.0
1151.0,83553.0
510.0,78919.0
1367.0,84957.0
1606.0,86788.0
1274.0,84468.0
1021.0,82632.0
1089.0,83095.0
1357.0,84947.0
695.0,80333.0
512.0,78921.0
1280.0,84474.0
89.0,75235.0
615.0,79844.0
1011.0,82622.0
1016.0,82627.0
613.0,79842.0
88.0,75234.0
1220.0,84018.0
1142.0,83544.0
968.0,82185.0
1101.0,83107.0
1092.0,83098.0
1076.0,83082.0
122.0,75674.0
739.0,80773.0
396.0,77986.0
1435.0,85421.0
1094.0,83100.0
449.0,78448.0
77.0,75223.0
1152.0,83554.0
1008.0,82619.0
1010.0,82621.0
667.0,80305.0
61.0,75207.0
80.0,75226.0
179.0,76138.0
1414.0,85400.0
1159.0,83561.0
956.0,82173.0
1024.0,82635.0
508.0,78917.0
1235.0,84033.0
73.0,75219.0
763.0,80797.0
370.0,77552.0
1213.0,84011.0
801.0,81229.0
1038.0,82649.0
503.0,78912.0
1028.0,82639.0
1029.0,82640.0
1164.0,83566.0
969.0,82186.0
506.0,78915.0
559.0,79378.0
1104.0,83110.0
623.0,79852.0
1287.0,84481.0
514.0,78923.0
958.0,82175.0
1221.0,84019.0
1564.0,86347.0
1231.0,84029.0
1293.0,84487.0
663.0,80301.0
1163.0,83565.0
1088.0,83094.0
32.0,74773.0
1605.0,86787.0
1153.0,83555.0
1559.0,86342.0
826.0,81254.0
1012.0,82623.0
672.0,80310.0
963.0,82180.0
828.0,81256.0
1212.0,84010.0
257.0,76623.0
1301.0,84495.0
1439.0,85425.0
1173.0,83575.0
315.0,77089.0
945.0,82162.0
509.0,78918.0
513.0,78922.0
1276.0,84470.0
399.0,77989.0
1562.0,86345.0
148.0,75700.0
1166.0,83568.0
479.0,78478.0
1096.0,83102.0
746.0,80780.0
588.0,79407.0
666.0,80304.0
962.0,82179.0
1292.0,84486.0
1282.0,84476.0
287.0,77061.0
817.0,81245.0
1161.0,83563.0
27.0,74768.0
362.0,77544.0
354.0,77536.0
569.0,79388.0
1343.0,84933.0
401.0,77991.0
241.0,76607.0
582.0,79401.0
414.0,78004.0
520.0,78929.0
419.0,78009.0
254.0,76620.0
298.0,77072.0
459.0,78458.0
755.0,80789.0
297.0,77071.0
402.0,77992.0
689.0,80327.0
458.0,78457.0
358.0,77540.0
188.0,76147.0
308.0,77082.0
363.0,77545.0
476.0,78475.0
625.0,79854.0
312.0,77086.0
195.0,76154.0
753.0,80787.0
365.0,77547.0
192.0,76151.0
309.0,77083.0
571.0,79390.0
355.0,77537.0
475.0,78474.0
418.0,78008.0
463.0,78462.0
525.0,78934.0
193.0,76152.0
196.0,76155.0
1102.0,83108.0
147.0,75699.0
1232.0,84030.0
869.0,81691.0
1502.0,85886.0
896.0,81718.0
1294.0,84488.0
563.0,79382.0
177.0,76136.0
478.0,78477.0
1097.0,83103.0
1170.0,83572.0
190.0,76149.0
558.0,79377.0
1561.0,86344.0
1227.0,84025.0
1210.0,84008.0
1026.0,82637.0
608.0,79837.0
342.0,77524.0
1105.0,83111.0
1222.0,84020.0
1234.0,84032.0
535.0,78944.0
622.0,79851.0
1492.0,85876.0
1095.0,83101.0
798.0,81226.0
1366.0,84956.0
1167.0,83569.0
610.0,79839.0
1015.0,82626.0
234.0,76600.0
942.0,82159.0
729.0,80763.0
531.0,78940.0
1160.0,83562.0
1415.0,85401.0
1431.0,85417.0
1233.0,84031.0
1032.0,82643.0
466.0,78465.0
465.0,78464.0
469.0,78468.0
474.0,78473.0
421.0,78011.0
754.0,80788.0
635.0,79864.0
464.0,78463.0
1030.0,82641.0
633.0,79862.0
824.0,81252.0
250.0,76616.0
412.0,78002.0
467.0,78466.0
527.0,78936.0
346.0,77528.0
757.0,80791.0
238.0,76604.0
356.0,77538.0
460.0,78459.0
450.0,78449.0
1434.0,85420.0
1238.0,84036.0
1303.0,84497.0
1099.0,83105.0
760.0,80794.0
678.0,80316.0
1014.0,82625.0
1480.0,85864.0
1413.0,85399.0
1369.0,84959.0
961.0,82178.0
1371.0,84961.0
1565.0,86348.0
1031.0,82642.0
1560.0,86343.0
1541.0,86324.0
256.0,76622.0
761.0,80795.0
407.0,77997.0
624.0,79853.0
409.0,77999.0
408.0,77998.0
577.0,79396.0
349.0,77531.0
403.0,77993.0
471.0,78470.0
685.0,80323.0
293.0,77067.0
1077.0,83083.0
1033.0,82644.0
696.0,80334.0
1171.0,83573.0
1162.0,83564.0
1300.0,84494.0
901.0,81723.0
1306.0,84500.0
1240.0,84038.0
1563.0,86346.0
1229.0,84027.0
1342.0,84932.0
361.0,77543.0
1140.0,83542.0
1307.0,84501.0
693.0,80331.0
1093.0,83099.0
1412.0,85398.0
1501.0,85885.0
692.0,80330.0
1296.0,84490.0
2060.0,90473.0
1850.0,88632.0
1727.0,87707.0
1911.0,89096.0
1768.0,88148.0
1905.0,89090.0
2021.0,90018.0
1771.0,88151.0
2059.0,90472.0
1832.0,88614.0
1956.0,89545.0
2046.0,90459.0
1724.0,87704.0
1778.0,88158.0
1839.0,88621.0
2023.0,90020.0
1969.0,89558.0
2096.0,90928.0
1784.0,88164.0
1780.0,88160.0
2045.0,90458.0
2014.0,90011.0
1851.0,88633.0
2093.0,90925.0
2061.0,90474.0
1713.0,87693.0
2094.0,90926.0
1968.0,89557.0
1726.0,87706.0
1717.0,87697.0
1951.0,89540.0
1782.0,88162.0
2109.0,91384.0
1902.0,89087.0
1716.0,87696.0
2066.0,90479.0
1844.0,88626.0
1958.0,89547.0
1790.0,88170.0
2068.0,90481.0
1774.0,88154.0
1786.0,88166.0
1899.0,89084.0
2062.0,90475.0
2002.0,89999.0
2058.0,90471.0
1894.0,89079.0
1787.0,88167.0
1962.0,89551.0
1903.0,89088.0
1783.0,88163.0
2047.0,90460.0
1767.0,88147.0
1897.0,89082.0
1785.0,88165.0
2016.0,90013.0
2091.0,90923.0
1890.0,89075.0
1895.0,89080.0
1849.0,88631.0
2053.0,90466.0
1788.0,88168.0
2069.0,90482.0
1960.0,89549.0
2092.0,90924.0
1843.0,88625.0
1954.0,89543.0
1781.0,88161.0
1840.0,88622.0
2111.0,91386.0
2095.0,90927.0
2015.0,90012.0
2052.0,90465.0
1714.0,87694.0
1896.0,89081.0
1837.0,88619.0
1719.0,87699.0
2112.0,91387.0
2019.0,90016.0
1835.0,88617.0
2020.0,90017.0
1841.0,88623.0
1845.0,88627.0
1770.0,88150.0
1789.0,88169.0
1773.0,88153.0
1904.0,89089.0
2089.0,90921.0
1848.0,88630.0
1720.0,87700.0
1777.0,88157.0
2104.0,90936.0
2113.0,91388.0
1883.0,89068.0
1900.0,89085.0
1846.0,88628.0
1910.0,89095.0
1776.0,88156.0
2049.0,90462.0
2054.0,90467.0
1715.0,87695.0
2004.0,90001.0
1779.0,88159.0
2097.0,90929.0
2090.0,90922.0
1831.0,88613.0
2057.0,90470.0
1830.0,88612.0
1718.0,87698.0
2010.0,90007.0
1828.0,88610.0
2070.0,90483.0
2064.0,90477.0
2048.0,90461.0
1967.0,89556.0
2065.0,90478.0
1901.0,89086.0
2056.0,90469.0
2012.0,90009.0
2071.0,90484.0
1898.0,89083.0
1842.0,88624.0
2087.0,90919.0
1722.0,87702.0
1957.0,89546.0
2011.0,90008.0
1838.0,88620.0
1772.0,88152.0
2003.0,9e4
1907.0,89092.0
1961.0,89550.0
2063.0,90476.0
1947.0,89536.0
2067.0,90480.0
1769.0,88149.0
1836.0,88618.0
1823.0,88605.0
1824.0,88606.0
1966.0,89555.0
2050.0,90463.0
2105.0,90937.0
1723.0,87703.0
1885.0,89070.0
1725.0,87705.0
1946.0,89535.0
1893.0,89078.0
1775.0,88155.0
1833.0,88615.0
1943.0,89532.0
1955.0,89544.0
2001.0,89998.0
1965.0,89554.0
2017.0,90014.0
2108.0,91383.0
2102.0,90934.0
2025.0,90022.0
1882.0,89067.0
2013.0,90010.0
2110.0,91385.0
1834.0,88616.0
2006.0,90003.0
1941.0,89530.0
2051.0,90464.0
1847.0,88629.0
1970.0,89559.0
1964.0,89553.0
1888.0,89073.0
2088.0,90920.0
2024.0,90021.0
2e3,89997.0
2018.0,90015.0
1765.0,88145.0
2098.0,90930.0
2072.0,90485.0
2005.0,90002.0
1948.0,89537.0
1963.0,89552.0
1766.0,88146.0
2103.0,90935.0
1953.0,89542.0
1721.0,87701.0
2099.0,90931.0
1764.0,88144.0
2055.0,90468.0
2009.0,90006.0
1891.0,89076.0
1889.0,89074.0
1952.0,89541.0
2022.0,90019.0
1959.0,89548.0
1892.0,89077.0
1999.0,89996.0
1909.0,89094.0
1827.0,88609.0
1949.0,89538.0
2043.0,90456.0
1998.0,89995.0
2044.0,90457.0
1942.0,89531.0
2101.0,90933.0
1906.0,89091.0
1822.0,88604.0
2007.0,90004.0
1996.0,89993.0
1761.0,88141.0
1826.0,88608.0
1829.0,88611.0
1763.0,88143.0
2106.0,90938.0
1884.0,89069.0
1887.0,89072.0
2100.0,90932.0
1825.0,88607.0
2008.0,90005.0
1908.0,89093.0
1997.0,89994.0
1762.0,88142.0
1886.0,89071.0
1944.0,89533.0
1950.0,89539.0
1945.0,89534.0
2107.0,90939.0
1676.0,87257.0
1737.0,87717.0
1799.0,88179.0
1736.0,87716.0
1729.0,87709.0
1675.0,87256.0
1678.0,87259.0
2042.0,90039.0
1798.0,88178.0
2081.0,90494.0
1680.0,87261.0
1862.0,88644.0
1871.0,88653.0
2031.0,90028.0
1730.0,87710.0
1813.0,88193.0
1677.0,87258.0
1800.0,88180.0
1792.0,88172.0
1673.0,87254.0
1794.0,88174.0
2040.0,90037.0
1928.0,89113.0
1861.0,88643.0
1674.0,87255.0
1739.0,87719.0
1881.0,88663.0
2033.0,90030.0
1876.0,88658.0
1984.0,89573.0
2030.0,90027.0
1870.0,88652.0
1937.0,89122.0
1801.0,88181.0
1932.0,89117.0
1935.0,89120.0
1731.0,87711.0
1738.0,87718.0
1853.0,88635.0
1817.0,88197.0
1875.0,88657.0
1748.0,87728.0
1685.0,87266.0
1978.0,89567.0
1681.0,87262.0
1749.0,87729.0
1872.0,88654.0
1921.0,89106.0
1732.0,87712.0
1753.0,87733.0
2041.0,90038.0
1926.0,89111.0
1809.0,88189.0
1735.0,87715.0
1977.0,89566.0
1752.0,87732.0
1988.0,89577.0
1989.0,89578.0
1981.0,89570.0
2078.0,90491.0
1750.0,87730.0
1758.0,87738.0
1821.0,88201.0
1695.0,87276.0
1740.0,87720.0
1917.0,89102.0
1808.0,88188.0
1873.0,88655.0
1972.0,89561.0
1759.0,87739.0
1982.0,89571.0
2080.0,90493.0
1939.0,89124.0
1931.0,89116.0
2038.0,90035.0
1745.0,87725.0
1682.0,87263.0
1929.0,89114.0
1983.0,89572.0
1924.0,89109.0
1980.0,89569.0
2076.0,90489.0
1804.0,88184.0
1922.0,89107.0
1918.0,89103.0
1696.0,87277.0
2034.0,90031.0
1995.0,89586.0
1857.0,88639.0
1743.0,87723.0
1913.0,89098.0
1694.0,87275.0
1994.0,89585.0
1802.0,88182.0
1934.0,89119.0
1679.0,87260.0
1987.0,89576.0
2028.0,90025.0
1747.0,87727.0
1741.0,87721.0
1692.0,87273.0
1746.0,87726.0
1914.0,89099.0
2032.0,90029.0
1744.0,87724.0
1865.0,88647.0
1810.0,88190.0
1927.0,89112.0
1811.0,88191.0
1880.0,88662.0
1863.0,88645.0
1993.0,89584.0
2037.0,90034.0
1925.0,89110.0
1684.0,87265.0
1818.0,88198.0
1795.0,88175.0
1683.0,87264.0
1814.0,88194.0
1755.0,87735.0
1973.0,89562.0
1697.0,87278.0
1930.0,89115.0
1760.0,87740.0
1985.0,89574.0
1877.0,88659.0
1856.0,88638.0
1938.0,89123.0
1632.0,86814.0
1816.0,88196.0
1757.0,87737.0
1923.0,89108.0
1690.0,87271.0
2035.0,90032.0
2039.0,90036.0
1806.0,88186.0
1867.0,88649.0
1990.0,89581.0
1687.0,87268.0
1633.0,86815.0
1693.0,87274.0
1879.0,88661.0
1689.0,87270.0
1940.0,89125.0
1803.0,88183.0
2075.0,90488.0
1874.0,88656.0
1933.0,89118.0
2083.0,90496.0
1793.0,88173.0
2074.0,90487.0
1866.0,88648.0
1819.0,88199.0
1878.0,88660.0
1820.0,88200.0
1860.0,88642.0
1805.0,88185.0
2082.0,90495.0
1920.0,89105.0
1868.0,88650.0
1979.0,89568.0
1976.0,89565.0
1858.0,88640.0
1756.0,87736.0
1797.0,88177.0
1742.0,87722.0
2029.0,90026.0
1855.0,88637.0
1812.0,88192.0
1734.0,87714.0
1815.0,88195.0
1733.0,87713.0
1986.0,89575.0
1936.0,89121.0
1864.0,88646.0
1919.0,89104.0
1688.0,87269.0
1796.0,88176.0
2084.0,90497.0
1916.0,89101.0
1751.0,87731.0
1869.0,88651.0
1754.0,87734.0
2027.0,90024.0
1854.0,88636.0
1974.0,89563.0
2036.0,90033.0
1691.0,87272.0
1915.0,89100.0
1807.0,88187.0
1686.0,87267.0
1859.0,88641.0
2079.0,90492.0
2086.0,90499.0
1975.0,89564.0
1991.0,89582.0
1992.0,89583.0
2085.0,90498.0
2077.0,90490.0
43.0,74784.0
323.0,77097.0
269.0,76635.0
40.0,74781.0
321.0,77095.0
376.0,77558.0
98.0,75244.0
213.0,76172.0
153.0,75705.0
430.0,78020.0
99.0,75245.0
834.0,81262.0
100.0,75246.0
699.0,80337.0
538.0,78947.0
432.0,78022.0
539.0,78948.0
375.0,77557.0
209.0,76168.0
210.0,76169.0
38.0,74779.0
96.0,75242.0
156.0,75708.0
158.0,75710.0
431.0,78021.0
102.0,75248.0
645.0,79874.0
379.0,77561.0
537.0,78946.0
766.0,80800.0
377.0,77559.0
101.0,75247.0
322.0,77096.0
765.0,80799.0
42.0,74783.0
644.0,79873.0
486.0,78485.0
39.0,74780.0
154.0,75706.0
378.0,77560.0
324.0,77098.0
41.0,74782.0
44.0,74785.0
157.0,75709.0
268.0,76634.0
903.0,81725.0
835.0,81263.0
971.0,82188.0
265.0,76631.0
266.0,76632.0
698.0,80336.0
211.0,76170.0
1040.0,82651.0
972.0,82189.0
267.0,76633.0
97.0,75243.0
214.0,76173.0
155.0,75707.0
591.0,79410.0
320.0,77094.0
212.0,76171.0
592.0,79411.0
484.0,78483.0
485.0,78484.0
45.0,74786.0
433.0,78023.0
1654.0,87235.0
1655.0,87236.0
1600.0,86782.0
48.0,75194.0
1652.0,87233.0
1071.0,83077.0
1003.0,82614.0
1138.0,83540.0
1660.0,87241.0
1648.0,87229.0
1664.0,87245.0
1703.0,87683.0
51.0,75197.0
173.0,76132.0
934.0,82151.0
1657.0,87238.0
1663.0,87244.0
1661.0,87242.0
1662.0,87243.0
1205.0,84003.0
1651.0,87232.0
661.0,80299.0
1709.0,87689.0
284.0,77058.0
339.0,77521.0
1711.0,87691.0
866.0,81688.0
60.0,75206.0
1653.0,87234.0
1706.0,87686.0
1536.0,86319.0
1705.0,87685.0
52.0,75198.0
1704.0,87684.0
1650.0,87231.0
49.0,75195.0
1658.0,87239.0
554.0,79373.0
1407.0,85393.0
117.0,75669.0
728.0,80762.0
50.0,75196.0
1656.0,87237.0
501.0,78910.0
229.0,76595.0
1701.0,87681.0
1707.0,87687.0
797.0,81225.0
448.0,78447.0
1698.0,87678.0
394.0,77984.0
47.0,75193.0
1659.0,87240.0
1700.0,87680.0
1472.0,85856.0
607.0,79836.0
1649.0,87230.0
1708.0,87688.0
1340.0,84930.0
1699.0,87679.0
1710.0,87690.0
46.0,75192.0
1702.0,87682.0
1206.0,84004.0
1273.0,84467.0
1.0,74742.0
1614.0,86796.0
15.0,74756.0
1613.0,86795.0
1616.0,86798.0
1615.0,86797.0
1608.0,86790.0
1612.0,86794.0
264.0,76630.0
319.0,77093.0
17.0,74758.0
5.0,74746.0
1622.0,86804.0
14.0,74755.0
1611.0,86793.0
1609.0,86791.0
429.0,78019.0
208.0,76167.0
1625.0,86807.0
1569.0,86352.0
1568.0,86351.0
1667.0,87248.0
16.0,74757.0
13.0,74754.0
483.0,78482.0
1610.0,86792.0
4.0,74745.0
10.0,74751.0
1669.0,87250.0
152.0,75704.0
1567.0,86350.0
374.0,77556.0
95.0,75241.0
1665.0,87246.0
1308.0,84502.0
11.0,74752.0
1241.0,84039.0
1174.0,83576.0
1621.0,86803.0
8.0,74749.0
536.0,78945.0
12.0,74753.0
1666.0,87247.0
18.0,74759.0
37.0,74778.0
1375.0,84965.0
1670.0,87251.0
1629.0,86811.0
589.0,79408.0
7.0,74748.0
643.0,79872.0
2.0,74743.0
9.0,74750.0
1039.0,82650.0
1618.0,86800.0
1672.0,87253.0
833.0,81261.0
1626.0,86808.0
1619.0,86801.0
970.0,82187.0
1627.0,86809.0
1623.0,86805.0
1620.0,86802.0
1107.0,83113.0
1671.0,87252.0
1617.0,86799.0
697.0,80335.0
1628.0,86810.0
6.0,74747.0
1624.0,86806.0
902.0,81724.0
764.0,80798.0
1630.0,86812.0
3.0,74744.0
1668.0,87249.0
1728.0,87708.0
1791.0,88171.0
1852.0,88634.0
1712.0,87692.0
1912.0,89097.0
2026.0,90023.0
2073.0,90486.0
1971.0,89560.0
1631.0,86813.0
590.0,79409.0
