CONUS_10KM,ridge_HA
78910,140.17619193914354
78911,137.22260000000242
78912,137.8045000000024
78913,136.32330000000238
78914,135.05370000000258
78915,135.106600000003
78916,126.53471835568516
78917,104.67392348180285
78918,76.33470000000175
78919,59.738410629915286
78920,45.86430000000064
78921,29.571100000000158
78922,15.129400000000151
78923,7.141500000000001
78924,4.3907
78925,3.4385000000000003
78926,2.0631
78927,1.9044
78928,1.7457
78929,1.7457
78930,1.587
78931,1.3754
78932,1.0051
78933,0.8464
78934,1.1638
78935,0.8464
78936,1.1109
78937,1.4812
78938,1.4812
78939,1.5341
78940,7.723400000000045
78941,16.623695463050744
78942,19.890399999999847
78943,24.585836775510845
78944,25.339099999999846
78945,27.24378331230199
78946,27.56089999999999
78947,27.50799999999999
78948,27.19059999999999
79359,12.69600000000001
79360,15.07649999999991
79361,17.93585156749721
79362,27.120549980718778
79363,50.14920000000112
79364,64.64380000000105
79365,70.03960000000124
79366,76.92919323684032
79367,89.22580163122343
79368,95.16710000000143
79369,103.78980000000169
79370,118.91692288544436
79371,137.06390000000223
79372,140.92560000000225
79373,139.1799000000024
79374,138.8625000000024
79375,137.9632000000025
79376,138.86250000000288
79377,138.43930000000293
79378,137.80450000000286
79379,131.16050182942598
79380,118.07280000000156
79381,88.19392016256857
79382,72.50589189579749
79383,59.300900000001555
79384,35.91911476135987
79385,18.991100000000202
79386,9.94520000000015
79387,4.761
79388,3.9675000000000002
79389,2.1689000000000003
79390,2.0102
79391,1.9044
79392,1.6928
79393,1.6399000000000001
79394,1.587
79395,1.3754
79396,0.9522
79397,1.058
79398,1.3225
79399,1.058
79400,1.3225
79401,1.1638
79402,1.375621191505045
79403,10.063220434128745
79404,17.774399999999847
79405,20.789699999999847
79406,23.752099999999846
79407,25.444899999999848
79408,26.079699999999846
79409,27.296399999999746
79410,28.56599999999999
79411,28.46019999999999
79822,11.59676838099841
79823,13.73489931703141
79824,16.71640000000001
79825,24.17526361220606
79826,54.22250000000113
79827,64.57026313659864
79828,69.72220000000105
79829,75.6166040328918
79830,88.97780000000142
79831,100.0339000000017
79832,112.77513988932887
79833,133.51960000000224
79834,140.67051855562835
79835,139.70890000000242
79836,138.4922000000024
79837,140.7669000000029
79838,140.40337144171602
79839,139.86760000000282
79840,139.65600000000293
79841,138.22770000000287
79842,133.46603148820765
79843,122.09097174672969
79844,97.3889000000016
79845,81.46600000000203
79846,68.4527553894543
79847,44.12011551834667
79848,26.397100000000602
79849,14.124300000000202
79850,6.77339285564895
79851,4.9726
79852,2.2218
79853,2.116
79854,2.116
79855,2.0102
79856,1.6928
79857,1.6399000000000001
79858,1.6399000000000001
79859,1.4812
79860,1.0051
79861,1.4283000000000001
79862,1.6399000000000001
79863,1.2696
79864,1.1638
79865,1.9573000000000451
79866,11.637999999999945
79867,17.139599999999845
79868,20.683899999999845
79869,22.680024028683047
79870,25.762299999999744
79871,27.666699999999746
79872,28.460199999999745
79873,28.777599999999744
79874,29.111618039983046
80284,8.728500000000102
80285,10.79160000000011
80286,12.219900000000012
80287,14.89885073980101
80288,19.54361916849071
80289,51.003452329589386
80290,63.95610000000105
80291,68.39970000000105
80292,75.59410000000129
80293,90.67060000000143
80294,107.54570000000136
80295,125.90199979918123
80296,134.57760000000223
80297,139.7618000000024
80298,138.5980000000024
80299,140.3858175875778
80300,141.29590000000286
80301,141.40170000000282
80302,139.70890000000293
80303,140.38234399381318
80304,134.89500000000197
80305,130.98040000000177
80306,119.76926308985979
80307,99.9810000000016
80308,87.49660000000159
80309,74.49098693068932
80310,51.57750000000137
80311,31.7143809221135
80312,22.195768787813602
80313,11.7967000000002
80314,7.1944
80315,2.9095
80316,2.645
80317,2.2218
80318,2.116
80319,1.7986
80320,1.6928
80321,1.7457
80322,1.4812
80323,1.3225
80324,1.4283000000000001
80325,1.6399000000000001
80326,1.7986
80327,1.3225
80328,2.5920999999999
80329,12.431499999999945
80330,16.822199999999846
80331,21.424499999999746
80332,23.752099999999746
80333,25.762299999999744
80334,29.888499999999745
80335,32.004499999999744
80336,32.427699999999746
80337,32.321899999999744
80734,188.67668343924342
90933,445.55824123801284
90934,457.5285739958266
90935,449.8395787777005
90936,434.27575490895026
90937,394.30199223232677
90938,366.78991923601166
90939,342.9142103963083
91383,527.4342356800969
91384,531.4247261006652
91385,558.6646658632492
91386,585.988861217444
91387,617.6731190062492
91388,686.4925776688629
83107,18.462099999999662
83108,20.57809999999966
83109,23.79385551093886
83110,25.07459999999966
83111,25.60359999999966
83112,28.036999999999665
83113,28.724699999999665
83510,294.1007623748381
83511,283.5439999589346
83512,270.58389458462693
83513,259.6663816860315
83514,253.28584967872612
83515,244.82119995893572
83516,240.58919995893564
83517,237.52099995893562
83518,231.5961999589356
83519,224.29599995893582
83520,206.99769995893533
83521,187.52558683484722
83522,134.8044992534029
83523,114.36979999999984
83524,74.00709999999985
83525,33.64439486150376
83526,15.73537929069626
83527,12.4844000000002
83528,11.796700000000001
83529,10.897400000000001
83530,6.7183
83531,6.7183
83532,7.4059999999999
83533,12.061199309998438
83534,27.516697650306533
83535,42.73093250556743
83536,58.63842119577304
83537,69.20365710130025
83538,79.45579933587157
83539,83.62862640537458
83540,85.22189933587218
83541,86.59729933587226
83542,86.59729933587226
83543,85.15356336984868
83544,66.08534822257103
83545,62.47489933587186
83546,62.84519933587186
83547,62.89809933587186
83548,62.625405905663385
83549,60.67629933587136
83550,56.23270002587247
83551,46.28750002587178
83552,34.59660000000161
83553,20.049100000001353
83554,15.922900000000821
83555,12.80180000000062
83556,9.36330000000062
83557,8.04080000000062
83558,6.45380000000002
83559,5.71320000000002
83560,4.39070000000002
83561,2.27470000000002
83562,2.33178444565166
83563,1.90439999999966
83564,1.58699999999966
83565,1.69279999999966
83566,1.58699999999966
83567,2.80369999999966
83568,5.34289999999966
83569,12.80179999999966
83570,18.77949999999966
83571,22.16509999999916
83572,22.90569999999916
83573,24.96879999999916
83574,26.66159999999916
83575,26.238399999999164
83576,25.65649999999966
83973,304.22767943056334
83974,292.6606511856894
83975,286.0302999589347
83976,266.1927999589348
83977,257.77447124981694
83978,246.89288645371042
83979,240.85369995893564
83980,238.89639995893563
83981,232.07229995893562
83982,224.57687341073498
83983,208.26422150173843
83984,193.12044789016062
83985,140.97849999999977
83986,115.90389999999984
83987,78.87389999999985
83988,35.793506345850346
83989,16.29986625383216
83990,13.450770749130701
83991,11.955400000000001
83992,10.9503
83993,6.7712
83994,6.9299
83995,5.607399999999901
83996,7.035699309998891
83997,15.19393492832794
83998,27.25162084928144
83999,42.2026069276163
84000,54.86744449549724
84001,66.02188928703174
84002,73.57535629815474
84003,75.55019641428603
84004,74.05999933587175
84005,66.65369729156468
84006,61.945899335871836
84007,62.73939933587186
84008,62.47489933587186
84009,62.89809933587186
84010,62.27329269213949
84011,61.15239933587136
84012,60.50614015423305
84013,52.15981074713933
84014,39.39754486195485
84015,23.22085796509202
84016,16.66350000000082
84017,15.14837575586312
84018,12.64310000000062
84019,8.99300000000062
84020,7.617600000000021
84021,6.61250000000002
84022,6.03060000000002
84023,5.02550000000002
84024,2.8566000000000202
84025,2.6979
84026,1.4811999999996601
84027,1.32249999999966
84028,1.58699999999966
84029,2.38049999999966
84030,3.3855999999996604
84031,6.136399999999661
84032,15.605499999999159
84033,20.20779999999936
84034,23.17019999999936
84035,24.069499999999362
84036,24.014801335851164
84037,24.28109999999916
84038,25.86809999999916
84039,26.714499999999163
84436,310.2247772142679
84437,293.7012407839673
84438,291.5805599838947
84439,279.0777403195171
84440,264.98698172002514
84441,250.69309995893568
84442,241.75299995893567
84443,237.73259995893568
84444,231.43749995893566
84445,219.43553990761058
84446,204.53521526524815
84447,198.79819995893564
84448,151.97505083498783
84449,116.9291948050974
84450,79.24419999999985
84451,33.48216785897035
84452,16.509164089556162
84453,14.7591
84454,12.3786
84455,11.426400000000001
84456,7.406000000000001
84457,7.3531
84458,4.760999999999901
84459,4.86679930999889
84460,6.29509930999889
84461,13.859799309999289
84462,22.376699309999253
84463,35.59091166473935
84464,44.17010794126823
84465,51.52459933587065
84466,55.409901415019355
84467,57.237799335871735
84468,58.613199335871734
84469,61.41689933587173
84470,61.99879933587176
84471,62.21038461130349
84472,61.73429933587136
84473,60.72800594182975
84474,58.93059933587133
84475,52.26095690850387
84476,45.63970224725531
84477,29.51820000000161
84478,17.988941796975244
84479,15.499700000000821
84480,14.018500000000621
84481,11.90250000000062
84482,9.25750000000062
84483,7.829200000000021
84484,6.824100000000021
84485,6.29510000000002
84486,5.23710000000002
84487,3.28745348769972
84488,2.4334000000000002
84489,2.2218
84490,1.79859999999966
84491,1.58699999999966
84492,4.443599999999661
84493,5.201968285398061
84494,7.67049999999936
80735,187.266000093048
80736,183.086900093048
80737,178.98969007153735
80738,170.29229973225895
80739,143.26927321335575
80740,125.47880009304905
80741,106.80562602419228
80742,84.06163494348696
80743,51.45989792807869
80744,31.89454481972483
80745,18.830056234603187
80746,14.335900000001185
80747,11.830006004795095
80748,11.033085368355456
80749,10.617309108762997
80750,12.114100000000061
80751,16.55770000000007
80752,39.19806775049515
80753,60.74910883353591
80754,67.55330000000033
80755,74.21696136349014
80756,88.34803330658426
80757,111.61900000000024
80758,128.01800000000054
80759,133.7739501572102
80760,136.21750000000105
80761,139.55020000000104
80762,141.93070000000108
80763,142.512600000001
80764,140.68194077933737
80765,140.39660000000117
80766,138.37642682957093
80767,133.83700000000104
80768,130.02820000000062
80769,119.13080000000042
80770,95.85480000000054
80771,87.70820000000023
80772,77.7324349135944
80773,55.41730509159403
80774,39.51985093759429
80775,24.175300000000227
80776,16.081599999999916
80777,10.368399999999896
80778,6.242861470507497
80779,3.0153000000000003
80780,2.645
80781,2.2218
80782,2.1689000000000003
80783,1.9044
80784,1.8515000000000001
80785,1.4283000000000001
80786,1.4283000000000001
80787,1.4283000000000001
80788,1.6399000000000001
80789,1.9044
80790,1.587
80791,2.6979
80792,11.8496
80793,18.09179999999992
80794,21.400101806960222
80795,27.03190000000009
80796,28.06796773238369
80797,29.20079999999999
80798,29.99429999999999
80799,32.26899999999999
80800,32.85089999999999
81195,207.14400339550923
81196,230.81344590187427
81197,232.57270928687157
81198,231.18272256133628
81199,229.5929640468286
81200,216.4829540612567
81201,202.1281350030023
81202,183.9862000930484
81203,159.49350009304814
81204,133.5560533786847
81205,117.57496834389605
81206,92.89240009304895
81207,57.05350738766861
81208,33.79707974516675
81209,16.22406736149969
81210,11.849600000000896
81211,10.791600000000596
81212,10.537008447958806
81213,9.521814179046372
81214,13.24442051102957
81215,27.137700000000113
81216,52.847100000000154
81217,64.11480000000041
81218,72.11332257862779
81219,83.82019265199722
81220,108.5208327729077
81221,127.12976621320865
81222,131.23064933636266
81223,136.05880000000096
81224,140.978500000001
81225,142.406800000001
81226,140.766900000001
81227,140.55530000000118
81228,139.49730000000116
81229,134.89500000000103
81230,132.30290000000065
81231,126.68021276590643
81232,112.5910860947613
81233,92.99820000000044
81234,86.57121780096554
81235,67.64216713068497
81236,52.21229999999983
81237,42.42740656321609
81238,26.39710000000023
81239,17.245400000000117
81240,12.105442409017199
81241,7.670499999999398
81242,5.977699999999397
81243,3.4564411463392006
81244,2.8566000000000003
81245,2.3805
81246,2.2747
81247,2.0631
81248,1.6928
81249,1.8515000000000001
81250,1.5341
81251,1.6399000000000001
81252,1.6399000000000001
81253,2.116
81254,4.073300000000001
81255,13.88427599479472
81256,19.731699999999993
81257,23.170199999999994
81258,25.86809999999999
81259,28.46150100250019
81260,29.88850000000009
81261,30.153000000000088
81262,30.893600000000088
81263,30.893600000000088
81658,246.61980009305077
81659,243.28710009305078
81660,239.53120009305067
81661,237.53066572916802
81662,238.3674000930505
81663,233.45006155066565
81664,230.48530009304966
81665,222.12710009304934
81666,191.31331622200906
81667,161.979800093048
81668,135.6955934613289
81669,119.55400009304893
81670,92.09890009304894
81671,50.565529837264386
81672,24.61174855583089
81673,13.330800000000947
81674,11.214800000000595
81675,10.051000000000595
81676,8.993000000000556
81677,8.358200000000272
81678,17.11606084103137
81679,35.71455940327065
81680,54.645700000000716
81681,66.77061309924615
81682,77.93209669286878
81683,102.88568766089546
81684,119.81256219767458
81685,129.49920000000057
81686,133.73120000000054
81687,137.82729710839698
81688,138.33350000000087
81689,139.1270000000011
81690,137.54000000000104
81691,136.21750000000102
81692,132.56740000000065
81693,128.69504090840283
81694,120.67589971589099
81695,101.24215355200738
81696,88.39706739462123
81697,73.89645125221779
81698,62.51761455015747
81699,52.04471018637117
81700,43.590638618315744
81701,27.50134821321293
81702,18.991100000000117
81703,13.038149475174118
81704,8.569799999999399
81705,6.824099999999398
81706,5.818999999999397
81707,2.9095
81708,2.645
81709,2.2747
81710,2.3805
81711,2.116
81712,2.116
81713,1.6399000000000001
81714,1.6399000000000001
81715,1.6928
81716,2.116
81717,5.4487000000000005
81718,14.077082655377291
81719,19.30849999999999
81720,23.54049999999999
81721,25.920999999999992
81722,27.93120000000009
87681,484.717944474268
87682,446.98341965363016
87683,435.487326012593
87684,417.328103906359
87685,414.68309999999843
87686,386.5931999999986
87687,314.2790218034892
87688,229.30442055024525
87689,204.86506581703026
87690,182.06446814996644
87691,137.73941720367162
87692,111.77769999999919
87693,82.36260661484424
87694,59.353799999999424
87695,43.904197115028786
87696,36.209532352106976
87697,25.5507000000006
87698,20.7897000000006
87699,23.10944815243584
87700,30.7179882331303
87701,44.79951823369629
87702,54.76035634963722
87703,63.26840000000023
87704,78.61618902562397
87705,84.1087229904254
87706,85.51942928822818
87707,76.96949999999912
87708,65.4901999999997
87709,64.9082999999997
87710,61.8929999999995
87711,57.343599999999505
87712,56.708799999999606
87713,54.592799999999606
87714,58.031299999999604
87715,61.575599999999
87716,64.90830137999691
87717,65.8609589216919
87718,66.24273595671733
87719,63.74450137999673
87720,56.179801379997784
87721,44.700501379997334
87722,38.56875779926703
87723,28.089901379997638
87724,25.07460137999764
87725,22.923350964496244
87726,19.36140137999754
87727,17.827301379997802
87728,17.351201379997804
87729,15.3409999999998
87730,15.1293999999997
87731,15.182299999999701
87732,15.8699999999997
87733,15.975799999999701
87734,15.182299999999701
87735,14.759099999999702
87736,15.2881
87737,15.6584
87738,16.6106
87739,16.1345
87740,17.2983
88141,467.61123230718067
88142,479.63500628447264
88143,473.42034984920883
88144,454.4678873183325
88145,434.74284538314384
88146,422.63417084545125
88147,400.3314357540412
88148,353.42970762305214
88149,277.8970327831056
88150,247.78359999999688
88151,239.50957825419565
88152,235.89098456596244
88153,211.11124114893983
88154,177.30432527811803
88155,146.74459999999777
88156,123.76144823790963
88157,94.3685052634645
88158,66.1299539172139
88159,51.84200000000003
88160,31.89870000000091
88161,32.74609338396295
88162,48.71767293702519
88163,55.28049999999995
88164,57.766800000000075
88165,64.16770000000022
88166,70.25556044754916
88167,83.31665128256526
88168,89.29519999999961
88169,95.21999999999962
88170,96.3308999999996
88171,91.86541822775995
88172,74.51561990414942
88173,62.8451999999997
88174,59.5653999999995
88175,56.76169999999961
88176,56.655899999999605
88177,60.57049999999934
88178,66.49530137999744
88179,69.20754534309339
88180,70.56860137999746
88181,70.00506315119345
88182,66.70690137999696
88183,60.18168979150904
88184,45.811401379997776
88185,39.67500137999743
88186,30.68200137999764
88187,27.98410137999764
88188,26.23840137999764
88189,22.64120137999754
88190,21.048204243420802
88191,18.885301379997802
88192,17.9331013799978
88193,16.3057259657112
88194,15.922899999999702
88195,15.8699999999997
88196,16.187399999999702
88197,15.6583999999997
88198,14.917799999999701
88199,14.3359
88200,15.0236
88201,15.711300000000001
88604,428.3777907693383
88605,423.97179170559144
88606,406.16903476974545
88607,381.7801688481617
88608,367.899973037356
88609,327.4645355467444
88610,294.81165053297923
88611,282.9093801046685
88612,267.7629322977988
88613,272.55449152683036
88614,261.48749030737036
88615,257.5700999999969
88616,243.60154780971288
88617,214.36755433453615
88618,182.5578999870537
88619,175.55240753577812
88620,150.8707999870537
88621,128.0708999870541
88622,101.04920153675681
88623,79.09953329979848
88624,74.48007535349902
88625,71.32327168532606
88626,59.61829999999983
88627,62.95099999999983
88628,66.91850000000002
88629,76.21892660222215
88630,87.28499999999961
88631,91.8343999999994
88632,96.5424999999994
88633,96.8069999999994
88634,96.8069999999994
88635,95.43159999999934
88636,76.65209999999912
88637,61.311099999999804
88638,58.560299999999806
88639,63.446182433024646
88640,70.1453999999995
88641,73.53100137999759
88642,72.89620137999735
88643,72.52590137999746
88644,70.72730137999746
88645,67.76490137999696
88646,65.17292990550996
88647,51.89490137999791
88648,41.68920387338277
88649,34.22630137999764
88650,29.25370137999764
88651,27.13770137999764
88652,26.60870137999764
88653,23.91080137999754
88654,20.135558385899802
88655,19.1498013799978
88656,17.457001379997802
88657,16.769299999999703
88658,16.2931999999997
88659,15.975799999999701
88660,15.3409999999997
88661,15.076499999999701
88662,14.2301
88663,14.4946
89067,385.8527091982825
89068,388.9792775718661
89069,394.1329628049758
89070,385.14129171027054
89071,372.04687383400005
89072,346.7161181068435
89073,333.7354269502654
89074,321.84185069881835
89075,310.3020452620264
89076,299.24380978456855
89077,280.79319999999626
89078,276.6345816646675
89079,283.19705294006457
89080,251.18234478927099
89081,213.45149998705313
89082,200.20443996696923
89083,167.35207020746682
89084,145.5795460074332
89085,137.7577071035661
85885,19.83749999999999
85886,20.73679999999999
85887,21.05419999999999
85888,21.26579999999999
85889,21.688999999999993
86289,477.74082902867906
86290,496.9737123990644
86291,498.42393836077787
86292,470.651633915714
86293,445.7964081363613
86294,424.73331940419786
86295,411.40530392309074
86296,381.08081250936925
86297,358.87360000481743
86298,349.043028501747
86299,302.82996602810425
86300,219.102021707473
86301,160.6229436117926
86302,80.70151422039324
86303,44.39295842065867
86304,29.796073091120043
86305,13.5423999999998
86306,7.6704999999999
86307,8.828007940276901
86308,12.217526694971731
86309,18.091799999999957
86310,19.255600000000072
86311,19.414299999999873
86312,19.46719998215506
86313,18.779499982155055
86314,17.880199982154934
86315,19.678799982154935
86316,32.722825853204824
86317,55.462569996441225
86318,64.44009599878625
86319,73.97197417620777
86320,79.17591475955672
86321,83.67199911749616
86322,84.20352560991384
86323,79.10615819221027
86324,66.60109999999993
86325,58.454499999999925
86326,57.44940000000006
86327,54.48700000000006
86328,50.36080000000046
86329,43.90700000000076
86330,34.644763378397606
86331,27.8783000000007
86332,19.06104903657575
86333,14.283000000000452
86334,13.277900000000502
86335,11.9968975523965
86336,12.484400000000502
86337,13.073862128433491
86338,11.69089999999989
86339,11.90249999999984
86340,12.008299999999942
86341,12.59019999999994
86342,12.85469999999994
86343,14.65329999999994
86344,14.44170000000005
86345,14.547500000000051
86346,14.23010000000005
86347,16.58477065299785
86348,20.101999999999993
86349,19.520099999999992
86350,20.049099999999992
86351,20.260699999999993
86352,20.578099999999992
86752,536.9265044991902
86753,541.9483829181183
86754,525.9847000382579
86755,493.3421490907862
86756,461.5895392477766
86757,448.0627947801917
86758,424.36483718408823
86759,405.7435015444325
86760,393.53658768726586
86761,360.7745504935991
86762,298.35222506982547
86763,228.10209444574133
86764,139.9500304019378
86765,110.61389998303366
86766,78.48663876818426
86767,51.286099959377744
86768,28.6150254400205
86769,13.655612585136682
86770,13.648199999999902
86771,17.973194024066956
86772,19.53159316840216
86773,19.731699999999872
86774,19.784599982155058
86775,20.327813321948234
86776,21.008272825952737
86777,23.170199982154934
86778,29.35949998215472
86779,44.70049998215443
86780,53.90509998215457
86781,61.792470907913675
86782,63.90319998215484
86783,61.945899982154934
86784,59.98939863628148
86785,61.20529998215471
86786,62.52779998215539
86787,61.15933250189693
86788,59.248000000000296
86789,57.932262206976446
86790,55.279293330446855
86791,51.947903512521755
86792,51.52460000000046
86793,48.82670000000041
86794,38.035100000000405
86795,34.12050000000045
86796,21.90806660895205
86797,17.8802000000002
86798,17.1925000000002
86799,17.29829999999985
86800,13.85979999999959
86801,12.27279999999989
86802,12.752316939518892
86803,12.854699999999841
86804,13.59529999999984
86805,14.12429999999994
86806,15.12939999999994
86807,14.820152850210441
86808,14.812000000000051
86809,14.75910000000005
86810,16.24030000000005
86811,19.35182474744725
86812,20.15489999999999
86813,19.46719999999999
86814,19.943299999999994
86815,19.99619999999999
87215,537.3886447102099
87216,551.5343457376382
87217,532.8376974814855
87218,509.16713193401995
87219,468.5718873303071
87220,440.70654583611986
87221,433.3121761753835
87222,419.9840324998465
87223,396.58140838753206
87224,352.6993982026629
87225,271.9668641029427
87226,197.65392444935074
87227,155.73759998303393
87228,121.81597087961799
87229,102.56892125557754
87230,67.53429781206326
87231,42.16129996655881
87232,33.77542011896514
87233,23.381799999999956
87234,19.52009999999986
87235,19.361399999999833
87236,19.943866889207015
87237,20.419399982154935
87238,21.847699982154936
87239,26.238399982155045
87240,33.22311220768463
87241,44.92808576580894
87242,52.96240629580118
87243,56.81275591791687
87244,63.65742854648388
87245,64.16769998215477
87246,63.374199982155
87247,61.52269998215493
87248,58.66609998215472
87249,58.61319998215492
87250,59.24799998215536
87251,57.76680000000034
87252,56.44430000000034
87253,58.56030000000034
87254,61.945900000000165
87255,60.78210000000003
87256,58.57622824882534
87257,51.776045441107144
87258,38.93439999999998
87259,31.935574743259885
87260,23.8567450565605
87261,22.4344959170182
87262,17.985999999999752
87263,16.92799999999959
87264,15.76419999999959
87265,14.466699512286889
87266,13.912699999999841
87267,14.38879999999984
87268,14.35717926743794
87269,15.49969999999994
87270,15.605499999999939
87271,15.02360000000005
87272,14.812000000000051
87273,15.49970000000005
87274,16.39900000000005
87275,19.523849418676193
87276,19.572999999999993
87277,18.832399999999993
87278,19.46719999999999
87678,520.8385982036393
87679,532.492874079989
87680,527.2014000382583
89086,138.31485335220668
89087,106.40402420941444
89088,89.22047183076512
89089,79.03260000000098
89090,69.48928648366713
89091,70.19830000000074
89092,78.09393858726578
89093,88.18430000000299
89094,95.00840000000336
89095,100.35130000000336
89096,98.6056063203206
89097,97.38356597586441
89098,96.33090000000281
89099,94.4265000000028
89100,70.88465800997736
89101,65.06700000000316
89102,71.46790000000316
89103,74.48320000000345
89104,76.05251310507255
89105,75.75280000000345
89106,74.77999259929756
89107,73.68970000000326
89108,68.92870000000316
89109,65.80760000000316
89110,53.94637692140191
89111,45.2824000000004
89112,36.289400000000306
89113,30.241512221628703
89114,28.671800000000655
89115,27.368534109339656
89116,27.243500000000655
89117,23.576980226846953
89118,19.837500000000254
89119,18.8320750298647
89120,16.9760984580926
89121,16.4519000000004
89122,15.605500000000399
89123,15.3939000000004
89124,14.706200000000399
89125,14.441700000000399
89530,400.7723660635008
89531,417.3298892504409
89532,411.0256708904002
89533,405.30066726852425
89534,395.0892824659831
89535,387.70497845352446
89536,378.5330024591617
89537,381.1302848048751
89538,377.47341256639606
89539,361.5514940167427
89540,332.4349768678921
89541,315.7823255708286
89542,323.66879314971754
89543,291.1764249762293
89544,250.76742486442114
89545,238.36570347041368
89546,211.9942068008613
89547,188.87495127952127
89548,172.16779512113803
89549,158.63633858454114
89550,135.91241041501166
89551,102.13867261982351
89552,90.43778644587168
89553,84.02585929443967
89554,76.33470000000044
89555,80.03770000000088
89556,90.98800000000342
89557,93.95040000000377
89558,101.14480000000337
89559,100.56290000000318
89560,98.44690000000341
89561,97.23020000000311
89562,97.60050000000311
89563,92.42151597394691
89564,72.29578557468126
89565,76.22890000000345
89566,76.86370000000345
89567,79.77320000000365
89568,78.82100000000366
89569,78.45053411723038
89570,75.96440000000347
89571,71.57370000000337
89572,68.16310850615696
89573,53.2674486971186
89574,44.9650000000004
89575,38.405400000000405
89576,32.1632000000003
89577,29.260803112322403
89578,28.195700000000404
89581,20.0491000000002
89582,19.2556000000002
89583,16.8222000000002
89584,16.6635000000004
89585,15.7642000000004
89586,15.235200000000399
89993,441.2805487927988
89994,453.09716577123675
89995,443.9057377969299
89996,437.2611861422011
89997,427.1004228879959
89998,423.8347999879862
89999,426.0893575487195
90000,425.3551430268167
90001,432.3939657387893
90002,437.72122383727543
90003,449.6740768539904
90004,418.6747128480838
90005,401.75708154794546
90006,361.0226199064525
90007,317.37939406649065
90008,304.8810571736838
90009,282.65425218474564
90010,277.3204630282254
90011,295.05749260024135
90012,264.2125642097199
90013,211.68597838834899
90014,183.47573178647747
90015,144.8873782041184
90016,118.4119644004993
90017,99.34129320045815
90018,90.3953124521162
90019,93.84460000000279
90020,95.06130000000385
90021,100.93320000000335
90022,101.72449238198188
90023,101.03900000000338
90024,98.76430000000312
90025,99.9810000000032
90026,103.04920000000311
90027,86.67288579775068
90028,80.67250000000364
90029,82.57690000000369
90030,84.42840000000372
90031,82.89430000000372
90032,82.36530000000371
90033,80.46090000000382
90034,74.58900000000337
90035,70.47277003434377
90036,53.2174000000016
90037,44.9650000000006
90038,36.5010000000004
90039,34.067600000000404
90456,471.93154155600206
90457,460.38429827969327
90458,455.2243102458199
90459,460.166593686285
90460,457.29989749448094
90461,463.3342842352442
90462,475.1443013834038
90463,497.836621744049
90464,517.4970668387367
90465,525.0298245493672
90466,534.6389562265298
90467,540.8134138909898
90468,499.0151745376393
90469,416.78248317243145
90470,386.68162315489354
90471,375.54182349893136
90472,355.57294862853166
90473,345.6788073909879
90474,348.2936004929197
90475,333.74723942121835
90476,311.6954673614573
90477,229.44954460801347
90478,190.42385867652754
90479,164.5189043785852
90480,154.57548870655606
90481,124.21244706597359
90482,103.53319354163328
90483,102.14990000000395
90484,102.94340000000375
90485,102.04410000000338
90486,101.93830000000338
90487,101.70780678449498
90488,102.7847000000032
90489,108.50270949663896
90490,104.07828927734958
90491,85.16900000000369
90492,85.9625000000037
90493,87.81400000000369
90494,86.3857000000037
90495,85.66485437831881
90496,83.05069289826022
90497,75.98935086906901
90498,68.56210410122036
90499,52.94908585758433
90919,502.71402679129704
90920,487.64299265554575
90921,491.6230083404331
90922,499.5876000093732
90923,518.683244626031
90924,543.5441442892046
90925,573.24087530517
90926,610.7196163441047
90927,623.8174161752261
90928,647.8497472519874
90929,619.8679069495764
90930,593.0260424625835
90931,548.3905293902642
90932,471.3473894286632
74742,18.67698851837461
74743,16.2972535491078
74744,14.159595223538602
74745,13.27790000000002
74746,11.270947768524032
74747,8.8572411977902
74748,7.0357
74749,6.348
74750,5.7132000000000005
74751,5.0255
74752,4.2849
74753,2.8037
74754,2.2218
74755,1.5341
74756,1.3225
74757,1.0051
74758,1.0051
74759,0.7935
74760,0.5819
74761,0.8464
74762,0.8993
74763,1.0051
74764,0.9522
74765,0.8464
74766,1.1638
74767,1.1638
74768,1.8515000000000001
74769,2.0102
74770,2.2747
74771,2.5392
74772,2.4334000000000002
74773,2.4863
74774,2.5149361563199
74775,3.9146
74776,8.993
74777,12.707000303957601
74778,16.1345
74779,18.77949999999989
74780,20.68389999999989
74781,21.84769999999989
74782,22.95859999999989
74783,23.06439999999989
74784,23.85789999999989
74785,24.23270345401849
74786,23.6992
75192,8.834300000000502
75193,9.257500000000501
75194,10.315500000000501
75195,12.748900000000502
75196,14.0714000000004
75197,16.4519000000004
75198,18.885300000000502
75199,22.671245048305302
75200,26.10052362533855
75201,29.99430000000077
75202,33.43280000000063
75203,36.92420000000068
75204,38.91613685914604
75205,45.792124558062945
75206,51.947799999999816
75207,46.64240255950062
75208,38.6740492834745
75209,32.480599999999534
75210,24.449035599064917
75211,18.568117521788018
75212,13.648199999999832
75213,10.15680000000043
75214,6.1893
75215,5.29
75216,4.9726
75217,3.5972
75218,1.9573
75219,1.3754
75220,1.0051
75221,0.6348
75222,0.4761
75223,0.4761
75224,0.8464
75225,0.8993
75226,0.9522
75227,0.8464
75228,0.8464
75229,1.0051
75230,1.1109
75231,1.1109
75232,1.7986
75233,1.6928
75234,1.7457
75235,1.9044
75236,2.1689000000000003
75237,2.3276
75238,4.4965
75239,11.3206
75240,14.28299999999989
75241,16.66349999999989
75242,19.16823458356169
75243,21.15999999999989
75244,22.323799999999892
75245,24.17529999999989
75246,24.17529999999989
75247,24.09397673204429
84495,17.509899999999764
84496,18.409199999999633
84497,21.424499999999632
84498,23.752099999999633
84499,24.281099999999633
84500,24.17529999999963
84501,24.439799999999632
84502,23.96369999999963
84899,337.0810753938873
84900,307.6450729893095
84901,292.4841000000007
84902,285.6294455872771
84903,273.81618352950625
84904,265.61882825276837
84905,253.93236273981623
84906,242.1329108799756
84907,227.61149943807595
84908,218.57092945965735
84909,204.9874999999997
84910,199.57479936192027
84911,152.33824586531307
84912,110.66679999999947
84913,74.90639999999951
84914,30.263763016480738
84915,16.2932000000001
84916,16.0287000000003
84917,13.4895000000003
84918,10.8974000000003
84919,7.4589000000003
84920,5.3429000000002
84921,4.3907000000002006
84922,4.2320000000002
84923,5.819000000000201
84924,10.0035014960413
84925,17.56280000000067
84926,26.29130000000077
84927,34.579470260527025
84928,40.88325354819658
84929,47.18680000000101
84930,52.529700000001
84931,58.5074000000015
84932,66.2837000000021
84933,71.6266000000026
84934,71.62660000000258
84935,71.49204054214151
84936,69.66872718693331
84937,57.97840000000266
84938,50.360800000001475
84939,39.410500000001235
84940,20.790550302544297
84941,15.76420000000017
84942,15.023600000000169
84943,12.74890000000015
84944,10.156800000000251
84945,8.35820000000005
84946,7.88210000000005
84947,7.35309999999985
84948,6.55959999999975
84949,5.55449999999981
84950,2.7507999999998103
84951,2.69789999999981
84952,2.27469999999981
84953,2.11599999999981
84954,3.3597027898519105
84955,8.35819999999936
84956,8.56979999999956
84957,9.20459999999956
84958,19.83749999999956
84959,20.36649999999956
84960,20.84259999999943
84961,22.64119999999943
84962,24.028230258196132
84963,23.752099999999633
84964,24.33399999999963
84965,23.96369999999963
85362,357.9839834076737
85363,338.06607567293634
85364,339.0883094649352
85365,337.265657919734
85366,327.15936754668735
85367,328.15974527776837
85368,329.7743897006082
85369,331.6683733723701
85370,322.4625965306458
85371,297.8295957225483
85372,267.93443063794854
85373,220.95289309733488
85374,143.84124178319047
85375,101.77959999999948
85376,65.14032636068781
85377,21.59285337205292
85378,16.0816000000001
85379,15.7642000000003
85380,13.9656000000003
85381,9.5220000000003
85382,6.232470098827401
85383,4.0204000000002
85384,3.7559000000002003
85385,4.3377999999998
85386,5.1841999999998
85387,7.723399999999801
85388,13.754000000000001
85389,20.106061092732773
85390,29.30660000000077
85391,37.294891908734
85392,46.61648342839154
85393,58.49064384445185
85394,67.44064646195328
85395,79.60557698715519
85396,90.14160000000258
85397,89.15995200481454
85398,87.13083233228359
85399,81.84221455307954
85400,74.16580000000248
85401,62.10460000000247
85402,34.93875845435956
85403,22.85594810892586
85404,18.41958874130817
85405,14.70315531901538
85406,11.765311797461191
85407,9.48060120367545
85408,9.46909999999985
85409,9.04589999999985
85410,8.56979999999975
85411,8.88719999999981
85412,6.18929999999981
85413,5.4486999999998105
85414,6.136399999999701
85415,7.08860000000001
85416,9.04589999999981
85417,11.72814161566147
85418,11.58509999999957
85419,10.714379336282759
85420,10.156799999999562
85421,18.832399999999563
85422,20.630999999999563
85423,21.06003877151883
85424,21.79479999999943
85425,22.53539999999943
85426,22.641199999999632
85427,23.43469999999963
85826,386.49975873380185
85827,389.1671723587422
85828,408.0908059533421
85829,400.3288522037736
85830,386.74367487562506
85831,373.3954520341646
85832,366.1130723748144
85833,361.4179360409711
85834,335.69557058244277
85835,318.6944322151692
85836,291.3791978335913
85837,207.9899099688391
85838,132.70894922211113
85839,52.59256430476711
85840,17.7215000000001
85841,16.545937867605502
85842,16.4519000000003
85843,15.605500000000301
85844,8.2524000000002
85845,7.8292000000002
85846,9.733600000000179
85847,14.282999999999847
85848,17.245399999999947
85849,15.129399999999949
85850,15.129399999999949
85851,17.774399999999822
85852,22.112199999999824
85853,26.959794110462244
85854,38.27923656942622
85855,60.104051069561315
85856,75.14199939631328
85857,86.59730000000172
85858,89.93000000000261
85859,90.58772882907543
85860,87.91980000000228
85861,86.54440000000206
85862,80.11718084508256
85863,65.06700000000197
85864,50.784000000001456
85865,44.488900000001934
85866,37.759876646596766
85867,26.979000000001125
85868,17.298300000001326
85869,11.16189999999989
85870,12.955331391484592
85871,12.537299999999851
85872,11.276025250316911
85873,10.844499999999499
85874,11.1089999999995
85875,10.4212999999997
85876,9.9980999999996
85877,10.0509999999996
85878,10.579999999999401
85879,12.48439999999916
85880,13.17209999999916
85881,14.07036848801747
85882,13.75399999999947
85883,13.542399999999459
85884,19.78459999999966
75248,24.38690000000039
75655,8.94386348834159
75656,10.63289999999959
75657,12.37859999999959
75658,13.753999999999492
75659,16.463158403987944
75660,18.938199999999743
75661,24.06949999999967
75662,29.094999999999768
75663,33.37989999999946
75664,40.5214000669184
75665,44.594700066918406
75666,54.23188283608683
75667,68.89767832945581
75668,72.04980006691805
75669,68.13728385221415
75670,65.06700006691794
75671,58.91440574393622
75672,49.59312067062367
75673,36.50100006691895
75674,29.253700066918654
75675,24.91567745773869
75676,18.250499999999583
75677,12.484399999999649
75678,6.44716965144655
75679,5.39579999999965
75680,4.70809999999965
75681,3.0681999999996
75682,1.21669999999995
75683,0.74059999999995
75684,0.47609999999995
75685,0.47609999999995
75686,0.47609999999995
75687,0.84639999999995
75688,0.84639999999995
75689,0.79349999999995
75690,0.84639999999995
75691,0.84639999999995
75692,0.84639999999995
75693,0.95219999999995
75694,0.9522
75695,1.058
75696,1.3225
75697,1.587
75698,1.587
75699,1.587
75700,2.5843570557607003
75701,9.05587328605892
75702,13.54240000000042
75703,15.23510489328682
75704,17.986000000000445
75705,20.789700000000444
75706,23.170200000000495
75707,24.016600000000494
75708,24.968800000000414
75709,26.767400000000414
75710,26.873200000000416
76118,9.78649999999959
76119,11.69089999999959
76120,13.43659999999949
76121,14.126203647989941
76122,19.202699999999673
76123,24.122399999999672
76124,29.982454455594034
76125,36.50099999999962
76126,43.53670006691841
76127,47.411271251715306
76128,66.84709980763527
76129,84.64000006691815
76130,88.18219430030658
76131,87.90714514543248
76132,84.36568822618105
76133,78.23769819711214
76134,70.25120006691803
76135,63.049634454976925
76136,54.24460397538213
76137,37.92223100698373
76138,30.84070006691849
76139,26.482001581113252
76140,19.89039999999982
76141,12.43149999999965
76142,6.08349999999965
76143,5.02549999999965
76144,4.23199999999965
76145,1.6398999999999502
76146,0.89929999999995
76147,0.74059999999995
76148,0.63479999999995
76149,0.63479999999995
76150,0.58189999999995
76151,0.79349999999995
76152,0.79349999999995
76153,0.84639999999995
76154,0.84639999999995
76155,0.84639999999995
76156,0.7856903432978
76157,0.8993
76158,0.8464
76159,0.8464
76160,0.7406
76161,1.0051
76162,1.1109
76163,2.645
76164,12.38078344805172
76165,14.547500000000444
76166,17.774400000000444
76167,20.049100000000443
76168,20.736800000000443
76169,23.910800000000442
76170,25.973900000000494
76171,26.291300000000497
76172,26.397100000000414
76173,26.979000000000415
76581,11.21479999999959
76582,12.65658634424369
76583,13.595299999999492
76584,17.93309999999974
76585,22.746999999999673
76586,29.25291882368477
76587,36.34229999999962
76588,44.3831000669184
76589,54.059360243301
76590,81.92908121834922
76591,92.68080006691875
76592,94.32070006691839
76593,95.43160006691839
76594,95.1142000669184
76595,93.8317273943079
76596,90.4382991185186
76597,84.69290006691838
76598,78.60324490879339
76599,68.45260006691875
76600,56.99600823287555
76601,40.20400006691855
76602,32.26900006691853
76603,28.036999999999797
76604,20.789699999999613
76605,12.53729999999965
76606,5.81899999999965
76607,4.97259999999965
76608,2.96239999999965
76609,1.05799999999995
76610,0.68769999999995
76611,0.52899999999995
76612,0.52899999999995
76613,0.58189999999995
76614,0.89929999999995
76615,0.74059999999995
76616,0.74059999999995
76617,0.84639999999995
76618,0.7406
76619,0.7406
76620,0.7406
76621,0.7935
76622,0.7406
76623,0.7406
76624,0.8464
76625,1.587
76626,3.3856000000000197
76627,12.907630205116044
76628,17.509900000000442
76629,18.726600000000442
76630,20.789700000000444
76631,23.170200000000442
76632,24.545600000000444
76633,26.398266720277498
76634,28.142800000000495
76635,28.247482917834894
77044,11.32059999999959
77045,12.960499999999492
77046,14.177199999999491
77047,20.52519999999967
77048,26.117162954365472
77049,34.732879032354056
77050,41.06263912969842
77051,62.65189725606162
77052,74.80073338787382
77053,89.50680006691874
77054,92.89112560436475
77055,95.6100934371064
77056,96.7541000669186
77057,96.91280006691859
77058,97.0765730485022
77059,95.1142000669186
77060,95.69610006691852
77061,93.84460006691914
77062,87.28500006691904
77063,73.05923771113156
77064,51.47170006691872
77065,39.198900066918554
77066,32.21610006691853
77067,25.92099999999989
77068,16.34609999999968
77069,10.262599999999681
77070,6.34799999999965
77071,3.3855999999996502
77072,0.8464
77073,0.5819
77074,0.4761
77075,0.52899999999995
77076,0.5819
77077,0.7406
77078,0.8464
77079,0.6877
77080,0.6877
77081,0.7406
77082,0.7406
77083,0.6348
77084,0.529
77085,0.5819
77086,0.6877
77087,1.058
77088,1.587
77089,7.6176
77090,15.8171
77091,19.9962
77092,21.265800000000002
77093,21.16
77094,22.4296
77095,23.5020052381127
77096,25.0217000000001
77097,26.5029000000001
77098,28.1957000000001
77507,11.796700000000001
77508,13.5424
77509,15.250976151246302
77510,22.271479155445213
77511,30.3116999999992
77512,39.410499999999196
77513,60.875524669515286
77514,70.88600005622433
77515,84.17202884669638
77516,91.76953310786618
77517,93.73880005622448
77518,97.44180005622447
77519,97.49470005622445
77520,98.92300005622437
77521,100.91053134750946
77522,102.05903992475736
77523,101.54256250463406
77524,99.29330005622487
77525,97.67241113594257
77526,91.19960000000049
77527,71.31335357149592
77528,50.67820000000098
77529,39.9924000000009
77530,31.581300000000187
77531,23.71200702746034
77532,12.8018000000003
77533,7.2473000000001
77534,4.9197000000001
77535,0.8993
77536,0.5933539611887001
77537,0.5819000000001001
77538,0.5819000000001001
77539,0.5290000000001001
77540,0.5819000000001001
77541,0.8993000000001001
77542,0.8464
77543,0.6348
77544,0.6348
77545,0.7406
77546,0.529
77547,0.529
77548,0.529
77549,0.6348
77550,1.0051
77551,1.6399000000000001
77552,10.7916
77553,18.4621
77554,21.2129
77555,20.9484
77556,21.5832
77557,22.9586
77558,25.021700000000003
77559,26.0268000000001
77560,26.4500000000001
77561,26.7674000000001
77970,13.119200000000001
77971,14.0714
77972,19.4745933862342
77973,24.175525609244797
77974,34.808199999999296
77975,49.71570646813931
77976,68.82290005622444
77977,74.27160005622433
77978,87.60240005622427
77979,91.94020005622447
77980,95.59030005622448
77981,97.54760005622445
77982,100.88030005622437
77983,103.84270005622487
77984,108.39210005622498
77985,107.01670005622498
77986,107.42555604551596
77987,107.28566254197763
77988,107.387000056224
77989,103.38540309938172
77990,88.22811496119866
77991,63.79740000000082
77992,50.18011163700189
77993,39.47168524825382
77994,29.62288187388255
77995,15.02360000000014
77996,8.1995000000001
77997,6.559600000000101
77998,3.5972000000002002
77999,1.2167000000001
78000,1.0580000000001002
78001,1.0051000000001
78002,1.1109000000001001
78003,0.7935000000001001
78004,0.7406000000001001
78005,1.0051000000001
78006,0.7935000000001001
78007,0.6877
78008,0.4232
78009,0.4232
78010,0.529
78011,0.7406
78012,1.1109
78013,1.2167000000000001
78014,2.829420687540833
78015,14.006067146525634
78016,19.149799999999434
78017,21.001299999999432
78018,24.1218229890289
78019,24.5985
78020,24.7572
78021,25.286199999999972
78022,26.555799999999973
78023,27.142783842213372
78433,14.8649
78434,14.812000000000001
78435,19.470122115291698
78436,25.603599999999297
78437,39.4633999999993
78438,62.276997308356286
78439,70.25120005622402
78440,76.69263015605443
78441,87.19452928555617
78442,93.10400005622448
78443,95.68104240837735
78444,103.15500005622486
78445,105.21810005622486
78446,110.98420005622498
78447,118.13531366417422
78448,128.559841637586
78449,132.300093025866
78450,129.44630005622406
78451,125.79620005622404
78452,122.98195733029995
78453,112.16836680359296
78454,83.2213325390732
78455,60.200200000000386
78456,48.480936985794344
78457,37.77525366794569
78458,22.62564536883751
78459,11.0065507506058
78460,6.8241000000001995
78461,4.4965000000002
78462,1.4283000000001
78463,1.3225000000001002
78464,1.6744226532336002
78465,1.79859999999967
78466,1.74569999999967
78467,1.53409999999967
78468,1.11089999999967
78469,1.2166999999996702
78470,0.6348000000001001
78471,0.6877000000001001
78472,0.6877
78473,0.6348
78474,0.7935
78475,1.5340999999994331
78476,1.586999999999433
78477,3.4913999999994334
78478,14.970699999999432
78479,19.826224304988934
78480,23.275999999999435
78481,25.339099999999405
78482,26.9260999999994
78483,27.031899999999403
78484,26.767399999999974
78485,26.66159999999997
78896,15.7642
78897,16.980900000000002
78898,20.6551303525472
78899,26.661599999999297
78900,46.499309723877744
78901,65.17280005622459
78902,70.51570005622433
78903,76.91660005622452
78904,90.43863880631467
78905,93.20980005622445
78906,99.50348592891046
78907,105.97069039828936
78908,116.51279826644878
78909,137.75160005622433
81723,29.253700000000304
81724,30.734900000000305
81725,31.052300000000304
82121,254.0258000000008
82122,248.8945000000009
82123,249.5293000000009
82124,247.09590000000094
82125,238.68480000000042
82126,238.89640000000043
82127,235.19340000000042
82128,231.33170000000044
82129,223.08041862277943
82130,194.04269493436524
82131,161.66239999999993
82132,128.99602544833593
82133,114.49481032003033
82134,75.23400505711166
82135,36.50355065210292
82136,17.827299999999923
82137,12.272799999999922
82138,10.527099999999923
82139,10.103899999999921
82140,6.6124999999999
82141,7.7233999999999
82142,21.72576286468872
82143,37.50208377098884
82144,54.34312240168638
82145,71.79877809414305
82146,91.90047742705525
82147,108.49789998120254
82148,121.14099998120254
82149,128.5469999812025
82150,133.6253999812022
82151,133.46669998120223
82152,133.7311999812029
82153,134.04859998120293
82154,129.8694999812028
82155,127.1808480372824
82156,120.72836294180979
82157,112.09509998120264
82158,90.30030000000029
82159,75.55823090558701
82160,63.05680000000042
82161,59.92064008559871
82162,53.6386654710358
82163,42.74320000000041
82164,26.9790000000001
82165,19.2523161639101
82166,12.8018
82167,9.257500000000501
82168,7.6176
82169,6.348
82170,4.6023000000000005
82171,2.8566000000000003
82172,2.3805
82173,2.2218
82174,2.2218
82175,2.116
82176,1.6928
82177,1.7457
82178,1.7457
82179,1.8515000000000001
82180,8.6756000000004
82181,15.499700000000399
82182,21.1071000000004
82183,24.704300000000202
82184,26.502900000000302
82185,27.508000000000305
82186,28.407300000000305
82187,29.200800000000303
82188,29.782700000000304
82189,30.0252567189553
82584,261.4326421032071
82585,259.37742911077237
82586,256.67826466993097
82587,254.18450000000118
82588,244.70291736411573
82589,240.11310000000066
82590,239.63700000000065
82591,234.98619242652646
82592,227.47000000000043
82593,214.66820000000044
82594,183.77460000000022
82595,150.11435744972442
82596,123.30989999999963
82597,89.99235422596331
82598,50.725365604880665
82599,20.683899999999923
82600,13.859799999999922
82601,11.267699999999921
82602,10.738699999999922
82603,7.987899999999922
82604,6.8240999999999
82605,11.2147999999999
82606,25.709399999999135
82607,36.34229999999868
82608,57.50229998120193
82609,79.57865494759568
82610,93.08117324301651
82611,106.32899998120276
82612,118.06937795119553
82613,123.46859998120215
82614,129.43522334165482
82615,126.51682890643217
82616,124.47369998120244
82617,121.05814523930641
82618,116.0096999812023
82619,109.91368771754503
82620,90.08628243136792
82621,67.20130710547062
82622,63.003900000000314
82623,62.63360000000042
82624,59.24800000000041
82625,54.27540000000041
82626,41.2255261910814
82627,26.7145000000001
82628,17.8802000000001
82629,13.383700000000001
82630,9.363300000000502
82631,8.0170360819784
82632,6.4538
82633,5.7132000000000005
82634,3.0682
82635,2.2747
82636,2.2747
82637,2.1689000000000003
82638,1.6928
82639,1.6928
82640,1.6928
82641,1.9044
82642,2.0102
82643,10.580000000000402
82644,17.351200000000343
82645,21.160000000000345
82646,24.175300000000345
82647,26.265145741766442
82648,28.195700000000247
82649,29.200800000000246
82650,29.306600000000245
82651,29.042100000000303
83047,276.34960000000103
83048,266.13990000000103
83049,262.54341856412884
83050,257.6092376785572
83051,249.26480000000117
83052,242.30125121285866
83053,240.64210000000065
83054,235.35210000000066
83055,230.80270000000067
83056,221.65100000000044
83057,202.37709038164485
83058,164.14441653340091
83059,130.74286100277914
83060,106.43479999999977
83061,65.86049999999959
83062,28.51309999999992
83063,14.970699999999923
83064,11.955399999999923
83065,11.003199999999921
83066,9.786499999999922
83067,6.5595999999999
83068,7.1943999999998995
83069,13.754294577328489
83070,24.388797776338436
83071,37.40029999999843
83072,57.74937352322102
83073,74.69719615610603
83074,89.09454012851353
83075,97.24503694641415
83076,102.14989998120194
83077,107.28648693984161
83078,109.246945061424
83079,107.01669998120221
83080,103.57819998120202
83081,97.75919998120246
83082,76.38209668119191
83083,62.84520000000032
83084,63.32130000000032
83085,63.003900000000314
83086,61.89300000000041
83087,58.34870000000041
83088,52.1065000000006
83089,37.076810823514705
83090,24.3340000000001
83091,16.1345000000001
83092,13.383700000000001
83093,9.627800000000502
83094,8.1466000000005
83095,6.4538
83096,5.8719
83097,4.4436
83098,2.3805
83099,2.4334000000000002
83100,2.116
83101,1.6928
83102,1.6928
83103,1.6928
83104,1.7986
83105,3.0994915213439
83106,11.538442592804644
