DEPLOYMENT,SITE,dep_quad,Dev_SN,St_Date,End_Date,Lat,Long,Elev,Clutter,Dep_Hgt,CL_Front,CL_Back,CL_Left,CL_Right,CL_Up,CL_Down,clutter_index
ALA_2_NE,ALA_2,NE,314240,6/24/2015,6/30/2015,42.32747,-102.15543,1187,High,3.1,10.0,15.0,2.5,2.5,2.5,2.5,625.0
ALA_2_NW,ALA_2,NW,314278,6/24/2015,6/30/2015,42.33897,-102.21946,1194,Low,4.8,15.0,2.5,5.0,5.0,15.0,2.5,3062.5
ALA_2_SE,ALA_2,SE,314271,6/24/2015,6/30/2015,42.31284,-102.15627,1204,High,4.8,15.0,2.5,5.0,2.5,15.0,2.5,2296.875
ALA_R3_NE,ALA_R3,NE,314078,6/16/2015,6/22/2015,42.05994,-102.27814,1189,Low,2.5,15.0,15.0,5.0,2.5,15.0,2.5,3937.5
ALA_R3_NW,ALA_R3,NW,314216,6/16/2015,6/22/2015,42.06099,-102.33688,1189,Low,2.5,15.0,15.0,10.0,5.0,5.0,2.5,3375.0
ALA_R3_SW,ALA_R3,SW,314193,6/16/2015,6/22/2015,42.05461,-102.27324,1184,Low,2.5,10.0,15.0,10.0,15.0,10.0,2.5,7812.5
CNLP_1_NE,CNLP_1,NE,314150,5/28/2015,6/4/2015,41.10756,-98.58362,569,Low,3.5,15.0,2.5,10.0,15.0,10.0,2.5,5468.75
CNLP_1_NW,CNLP_1,NW,314293,5/28/2015,6/4/2015,41.11995,-98.61269,581,Low,3.0,15.0,2.5,10.0,10.0,2.5,2.5,1750.0
CNLP_1_SE,CNLP_1,SE,314251,5/28/2015,6/4/2015,41.08156,-98.56377,563,Low,3.0,15.0,5.0,5.0,10.0,15.0,2.5,5250.0
CNLP_1_SW,CNLP_1,SW,314082,5/28/2015,6/4/2015,41.09007,-98.66739,596,Low,2.5,10.0,5.0,5.0,5.0,10.0,2.5,1875.0
CNLP_2_NE,CNLP_2,NE,314228,7/3/2015,7/9/2015,41.15868,-99.65823,764,Low,2.5,15.0,2.5,2.5,2.5,5.0,2.5,656.25
CNLP_2_NW,CNLP_2,NW,314282,7/3/2015,7/9/2015,41.18061,-99.70112,741,Low,4.8,15.0,15.0,2.5,15.0,15.0,2.5,9187.5
CNLP_2_SE,CNLP_2,SE,314210,7/3/2015,7/9/2015,41.10104,-99.6441,753,Low,4.8,10.0,2.5,2.5,2.5,2.5,2.5,312.5
CNLP_2_SW,CNLP_2,SW,314078,7/3/2015,7/9/2015,41.12209,-99.73023,771,High,2.5,15.0,15.0,15.0,15.0,15.0,2.5,15750.0
CNLP_3_NE,CNLP_3,NE,314271,5/29/2015,6/4/2015,41.27199,-99.18541,676,Low,2.5,10.0,5.0,2.5,5.0,15.0,2.5,1968.75
CNLP_3_NW,CNLP_3,NW,314258,5/29/2015,6/4/2015,41.28507,-99.27322,711,Low,2.5,15.0,15.0,15.0,15.0,15.0,2.5,15750.0
CNLP_3_SE,CNLP_3,SE,314091,5/29/2015,6/10/2015,41.23368,-99.21556,742,Low,3.5,10.0,15.0,10.0,10.0,15.0,2.5,8750.0
CNLP_3_SW,CNLP_3,SW,324717,5/29/2015,6/4/2015,41.20686,-99.22718,668,Low,5.5,15.0,2.5,2.5,10.0,5.0,2.5,1640.625
CNLP_4_NE,CNLP_4,NE,314282,7/9/2015,7/16/2015,41.42283,-99.94032,846,Low,4.8,15.0,10.0,5.0,10.0,15.0,2.5,6562.5
CNLP_4_NW,CNLP_4,NW,314228,7/9/2015,7/16/2015,41.40994,-99.99551,843,High,4.8,10.0,15.0,2.5,5.0,15.0,2.5,3281.25
CNLP_4_SE,CNLP_4,SE,314210,7/9/2015,7/16/2015,41.38792,-99.92448,839,Low,4.8,10.0,15.0,2.5,2.5,15.0,2.5,2187.5
CNLP_4_SW,CNLP_4,SW,314078,7/9/2015,7/16/2015,41.36146,-100.00903,781,Low,4.8,15.0,15.0,5.0,15.0,15.0,2.5,10500.0
CNLP_5_NE,CNLP_5,NE,314253,7/3/2015,7/10/2015,41.52354,-99.70841,825,Low,4.8,15.0,15.0,15.0,2.5,15.0,2.5,9187.5
CNLP_5_NW,CNLP_5,NW,314250,7/4/2015,7/10/2015,41.52579,-99.75167,824,Low,4.8,15.0,5.0,5.0,15.0,15.0,2.5,7e3
CNLP_5_SE,CNLP_5,SE,314265,7/3/2015,7/10/2015,41.46701,-99.67059,827,Low,4.8,10.0,2.5,5.0,5.0,15.0,2.5,2187.5
CNLP_6_NW,CNLP_6,NW,314120,6/4/2015,6/10/2015,41.52914,-99.29789,720,Low,5.0,15.0,5.0,5.0,5.0,15.0,2.5,3500.0
CNLP_6_SE,CNLP_6,SE,314237,6/2/2015,6/10/2015,41.48201,-99.2177,670,Low,5.0,15.0,10.0,5.0,5.0,10.0,2.5,3125.0
CNLP_6_SW,CNLP_6,SW,314196,6/2/2015,6/10/2015,41.49667,-99.24564,679,Low,3.0,NA,NA,NA,NA,NA,NA,NA
CNLP_7_NE,CNLP_7,NE,314226,7/4/2015,7/10/2015,41.60097,-99.67914,778,Low,4.8,15.0,5.0,2.5,2.5,15.0,2.5,1750.0
CNLP_7_NW,CNLP_7,NW,314091,7/4/2015,7/10/2015,41.62554,-99.76343,773,High,4.8,10.0,2.5,2.5,2.5,10.0,2.5,781.25
CNLP_7_SE,CNLP_7,SE,314150,7/4/2015,7/10/2015,41.57656,-99.67185,790,High,3.5,10.0,2.5,2.5,2.5,15.0,2.5,1093.75
CNLP_7_SW,CNLP_7,SW,314289,7/4/2015,7/10/2015,41.56754,-99.74741,808,Low,4.8,15.0,5.0,5.0,5.0,15.0,2.5,3500.0
CNLP_8_NE,CNLP_8,NE,314289,7/8/2015,7/14/2015,41.72457,-99.30695,697,Low,4.8,15.0,10.0,10.0,10.0,15.0,2.5,8750.0
CNLP_8_NW,CNLP_8,NW,314289,7/8/2015,7/14/2015,41.72137,-99.4228,781,Low,4.8,15.0,15.0,15.0,15.0,15.0,2.5,15750.0
CNLP_8_SE,CNLP_8,SE,314239,7/8/2015,7/14/2015,41.68671,-99.3617,757,Low,2.5,15.0,5.0,2.5,5.0,15.0,10.0,3750.0
CNLP_8_SW,CNLP_8,SW,314070,7/8/2015,7/14/2015,41.67618,-99.37792,732,Low,4.8,15.0,10.0,5.0,5.0,15.0,2.5,4375.0
FTRP_1_NE,FTRP_1,NE,314217,6/12/2015,6/18/2015,41.11676,-101.2877,922,Low,2.5,15.0,15.0,10.0,5.0,15.0,2.5,7875.0
FTRP_1_NW,FTRP_1,NW,314250,6/12/2015,6/18/2015,41.10984,-101.31639,926,Low,3.5,15.0,15.0,10.0,2.5,15.0,2.5,6562.5
FTRP_1_SE,FTRP_1,SE,314278,6/12/2015,6/18/2015,41.11279,-101.24783,917,Low,3.5,15.0,10.0,10.0,5.0,10.0,2.5,4687.5
FTRP_1_SW,FTRP_1,SW,314253,6/12/2015,6/18/2015,41.06721,-101.25313,965,Low,3.0,10.0,15.0,10.0,15.0,15.0,2.5,10937.5
FTRP_5_NE,FTRP_5,NE,314119,6/8/2015,6/15/2015,41.51742,-103.897,1532,High,3.5,10.0,15.0,5.0,5.0,15.0,2.5,4375.0
FTRP_5_NW,FTRP_5,NW,314289,6/9/2015,6/15/2015,41.5236,-103.98952,1569,High,2.5,15.0,2.5,5.0,2.5,15.0,10.0,3281.25
FTRP_5_SE,FTRP_5,SE,314305,6/9/2015,6/15/2015,41.51621,-103.92131,1537,Low,3.5,15.0,5.0,2.5,5.0,15.0,2.5,2625.0
FTRP_5_SW,FTRP_5,SW,314216,6/9/2015,6/15/2015,41.51127,-103.96438,1544,Low,2.5,5.0,15.0,5.0,5.0,15.0,2.5,3500.0
FTRP_6_NE,FTRP_6,NE,314216,6/23/2015,6/29/2015,42.28546,-102.92709,1237,Low,4.0,15.0,10.0,10.0,10.0,15.0,2.5,8750.0
FTRP_6_NW,FTRP_6,NW,314210,6/23/2015,6/29/2015,42.30194,-102.94881,1251,Low,5.0,15.0,15.0,15.0,10.0,15.0,2.5,13125.0
FTRP_6_SE,FTRP_6,SE,314073,6/23/2015,6/29/2015,42.22859,-102.90318,1220,Low,5.0,15.0,15.0,15.0,15.0,15.0,2.5,15750.0
FTRP_6_SW,FTRP_6,SW,314172,6/23/2015,6/29/2015,42.21723,-102.98698,1268,Low,3.5,15.0,15.0,15.0,15.0,15.0,2.5,15750.0
FTRP_7_NE,FTRP_7,NE,314120,6/23/2015,6/30/2015,42.49807,-102.57044,1120,High,5.2,5.0,5.0,10.0,10.0,10.0,2.5,2500.0
FTRP_7_SE,FTRP_7,SE,314113,6/23/2015,6/30/2015,42.42818,-102.53255,1178,Low,4.8,10.0,5.0,5.0,5.0,15.0,2.5,2625.0
FTRP_7_SW,FTRP_7,SW,314248,6/24/2015,6/30/2015,42.46179,-102.64539,1142,Low,3.5,10.0,10.0,5.0,2.5,15.0,2.5,2625.0
FTRP_8_NE,FTRP_8,NE,314082,6/23/2015,6/29/2015,42.57168,-102.55778,1192,Low,4.8,15.0,15.0,5.0,5.0,15.0,2.5,5250.0
FTRP_8_NW,FTRP_8,NW,314300,6/23/2015,6/29/2015,42.57905,-102.65358,1161,Low,4.8,15.0,2.5,2.5,15.0,15.0,2.5,5359.375
FTRP_8_SE,FTRP_8,SE,314239,6/23/2015,6/29/2015,42.51858,-102.55212,1113,Low,4.8,15.0,2.5,5.0,10.0,15.0,2.5,4593.75
FTRP_8_SW,FTRP_8,SW,314282,6/22/2015,6/29/2015,42.53713,-102.61832,1157,Low,4.8,10.0,5.0,5.0,5.0,15.0,2.5,2625.0
FTRP_R17_NE,FTRP_R17,NE,314070,6/24/2015,6/30/2015,42.45887,-102.9043,1169,Low,2.5,15.0,15.0,2.5,2.5,15.0,2.5,2625.0
FTRP_R17_NW,FTRP_R17,NW,314196,6/24/2015,6/30/2015,42.4614,-102.97211,1194,Low,2.5,15.0,15.0,10.0,15.0,15.0,2.5,13125.0
FTRP_R17_SE,FTRP_R17,SE,314193,6/24/2015,6/30/2015,42.46897,-102.93157,1167,Low,2.0,10.0,10.0,2.5,2.5,5.0,2.5,750.0
FTRP_R17_SW,FTRP_R17,SW,314299,6/24/2015,6/30/2015,42.44623,-103.00533,1203,High,3.5,10.0,10.0,15.0,5.0,10.0,2.5,5e3
FTRP_R6_NE,FTRP_R6,NE,314293,6/12/2015,6/18/2015,41.04072,-102.16326,1039,Low,3.5,5.0,15.0,2.5,2.5,5.0,2.5,750.0
FTRP_R6_NW,FTRP_R6,NW,314082,6/12/2015,6/18/2015,41.07865,-102.18966,1107,High,2.4,5.0,2.5,5.0,5.0,15.0,2.5,1312.5
FTRP_R6_SE,FTRP_R6,SE,314299,6/12/2015,6/18/2015,41.0138,-102.19057,1048,Low,3.0,10.0,15.0,2.5,5.0,10.0,2.5,2343.75
FTRP_R6_SW,FTRP_R6,SW,314300,6/12/2015,6/18/2015,41.00445,-102.26679,1059,High,2.5,15.0,5.0,2.5,2.5,10.0,2.5,1250.0
FTRP_R9_NE,FTRP_R9,NE,314219,6/9/2015,6/15/2015,41.25278,-103.68191,1435,Low,2.5,10.0,5.0,10.0,5.0,15.0,2.5,3937.5
FTRP_R9_NW,FTRP_R9,NW,314105,6/9/2015,6/15/2015,41.23553,-103.72482,1433,Low,5.0,15.0,15.0,15.0,10.0,10.0,2.5,9375.0
FTRP_R9_SE,FTRP_R9,SE,314233,6/9/2015,6/15/2015,41.2229,-103.6095,1446,Low,4.0,15.0,5.0,5.0,2.5,15.0,2.5,2625.0
FTRP_R9_SW,FTRP_R9,SW,314279,6/9/2015,6/15/2015,41.20766,-103.67522,1495,Low,2.5,NA,NA,NA,NA,NA,NA,NA
HT_2_NE,HT_2,NE,NA,7/15/2015,7/21/2015,42.69878,-99.03288,626,Low,4.8,15.0,2.5,2.5,2.5,2.5,2.5,437.5
HT_2_NW,HT_2,NW,314070,7/15/2015,7/21/2015,42.6807,-99.06284,623,Low,3.0,15.0,2.5,2.5,2.5,5.0,2.5,656.25
HT_2_SE,HT_2,SE,314119,7/15/2015,7/21/2015,42.6516,-99.03128,642,Low,4.8,10.0,2.5,10.0,2.5,15.0,2.5,2734.375
HT_2_SW,HT_2,SW,314114,7/15/2015,7/21/2015,42.64932,-99.05301,640,Low,4.8,10.0,2.5,15.0,10.0,15.0,2.5,5468.75
HT_R1_NE,HT_R1,NE,314289,7/18/2015,7/24/2015,42.26279,-98.26279,589,Low,5.0,15.0,2.5,2.5,2.5,5.0,2.5,656.25
HT_R1_NW,HT_R1,NW,314078,7/18/2015,7/24/2015,42.25621,-98.31017,559,High,4.0,5.0,2.5,2.5,5.0,2.5,2.5,281.25
HT_R1_SE,HT_R1,SE,314299,7/18/2015,7/24/2015,42.22271,-98.26846,550,Low,5.0,15.0,2.5,2.5,2.5,5.0,2.5,656.25
HT_R1_SW,HT_R1,SW,314253,7/18/2015,7/24/2015,42.23189,-98.30444,567,Low,5.0,15.0,10.0,5.0,2.5,10.0,2.5,2343.75
KPT_1_NE,KPT_1,NE,314193,7/9/2015,7/15/2015,42.84744,-99.6678,706,High,2.5,10.0,15.0,5.0,2.5,5.0,2.5,1406.25
KPT_1_NW,KPT_1,NW,314073,7/9/2015,7/15/2015,42.88314,-99.70932,695,High,4.8,10.0,15.0,15.0,10.0,15.0,2.5,10937.5
KPT_1_SE,KPT_1,SE,314113,7/9/2015,7/15/2015,42.83258,-99.64977,699,Low,4.8,15.0,10.0,10.0,15.0,15.0,2.5,10937.5
KPT_1_SW,KPT_1,SW,314082,7/9/2015,7/15/2015,42.80315,-99.68865,735,Low,4.8,10.0,2.5,5.0,2.5,5.0,2.5,703.125
LA_4_NE,LA_4,NE,314091,7/14/2015,7/20/2015,42.36482,-99.11964,686,High,2.8,10.0,5.0,2.5,2.5,2.5,2.5,375.0
LA_4_NW,LA_4,NW,314150,7/14/2015,7/20/2015,42.28893,-99.15678,711,Low,4.8,10.0,5.0,5.0,2.5,10.0,2.5,1406.25
LA_4_SE,LA_4,SE,314226,7/14/2015,7/20/2015,42.32423,-99.11795,704,High,6.0,10.0,2.5,5.0,5.0,5.0,2.5,937.5
LA_4_SW,LA_4,SW,314250,7/14/2015,7/20/2015,42.27661,-99.18417,718,Low,4.8,10.0,5.0,5.0,2.5,10.0,2.5,1406.25
LA_7_NW,LA_7,NW,314082,7/2/2015,7/8/2015,42.51028,-101.16637,975,Low,4.8,15.0,10.0,15.0,5.0,5.0,2.5,3750.0
LA_7_SE,LA_7,SE,314248,7/2/2015,7/8/2015,42.49202,-101.09053,969,Low,4.8,10.0,10.0,5.0,2.5,15.0,2.5,2625.0
LA_7_SW,LA_7,SW,314193,7/2/2015,7/8/2015,42.49014,-101.15762,986,Low,4.8,15.0,5.0,5.0,2.5,15.0,2.5,2625.0
LA_R13_NE,LA_R13,NE,314240,7/2/2015,7/8/2015,42.6423,-100.70561,875,Low,4.8,5.0,2.5,2.5,2.5,15.0,2.5,656.25
LA_R13_NW,LA_R13,NW,314113,7/2/2015,7/8/2015,42.6448,-100.736,904,High,3.5,15.0,5.0,5.0,5.0,15.0,2.5,3500.0
LA_R13_SE,LA_R13,SE,314073,7/2/2015,7/8/2015,42.61254,-100.72097,892,Low,4.8,15.0,10.0,2.5,2.5,5.0,2.5,937.5
LA_R13_SW,LA_R13,SW,314216,7/2/2015,7/8/2015,42.59189,-100.74264,902,Low,4.8,15.0,2.5,5.0,5.0,15.0,2.5,3062.5
LA_R14_NE,LA_R14,NE,314150,6/27/2015,7/3/2015,42.98199,-101.71664,992,Low,4.8,10.0,10.0,5.0,10.0,15.0,2.5,5250.0
LA_R14_NW,LA_R14,NW,314251,6/27/2015,7/3/2015,42.98935,-101.75394,1006,High,4.8,10.0,2.5,2.5,5.0,15.0,2.5,1640.625
LA_R14_SE,LA_R14,SE,314305,6/27/2015,7/3/2015,42.94922,-101.71088,992,Low,4.8,10.0,15.0,15.0,15.0,15.0,2.5,13125.0
LA_R14_SW,LA_R14,SW,314226,6/27/2015,7/3/2015,42.90236,-101.78456,-,Low,4.8,10.0,2.5,5.0,5.0,5.0,2.5,937.5
LA_R6_NE,LA_R6,NE,314271,7/1/2015,7/7/2015,42.29151,-100.81289,933,Low,5.0,15.0,15.0,15.0,15.0,15.0,2.5,15750.0
LA_R6_NW,LA_R6,NW,314120,7/1/2015,7/7/2015,42.29264,-100.90247,954,Low,5.0,15.0,15.0,5.0,2.5,10.0,2.5,2812.5
LA_R6_SE,LA_R6,SE,314299,7/1/2015,7/7/2015,42.28083,-100.83247,933,Low,5.0,15.0,15.0,15.0,5.0,5.0,2.5,4500.0
LA_R6_SW,LA_R6,SW,314293,7/1/2015,7/7/2015,42.248,-100.86661,945,High,2.5,10.0,2.5,2.5,2.5,10.0,2.5,781.25
LAGDH_1_NE,LAGDH_1,NE,314228,7/24/2015,7/30/2015,40.2496,-96.18604,369,low,4.8,15.0,5.0,5.0,10.0,10.0,2.5,3750.0
LAGDH_1_NW,LAGDH_1,NW,314105,7/24/2015,7/30/2015,40.22264,-96.25203,384,low,2.5,10.0,2.5,2.5,2.5,2.5,2.5,312.5
LAGDH_1_SE,LAGDH_1,SE,314282,7/24/2015,7/30/2015,40.19122,-96.17401,366,low,4.8,15.0,5.0,15.0,2.5,15.0,2.5,6125.0
LAGDH_1_SW,LAGDH_1,SW,314193,7/24/2015,7/30/2015,40.185,-96.23457,378,high,4.8,10.0,2.5,2.5,5.0,2.5,2.5,468.75
LAGDH_2_NW,LAGDH_2,NW,324717,7/26/2015,8/1/2015,40.4078,-96.2268,360,low,3.5,15.0,10.0,5.0,5.0,5.0,2.5,1875.0
LAGDH_2_SW,LAGDH_2,SW,314271,7/26/2015,8/1/2015,40.35465,-96.2211,367,low,3.5,15.0,2.5,10.0,2.5,5.0,2.5,1640.625
LAGDH_3_NE,LAGDH_3,NE,314218,6/8/2015,6/14/2015,40.6787,-96.76768,NA,low,3.5,15.0,5.0,15.0,10.0,15.0,2.5,8750.0
LAGDH_3_NW,LAGDH_3,NW,314111,6/8/2015,6/14/2015,40.69734,-96.8493,NA,low,2.5,15.0,15.0,10.0,15.0,15.0,2.5,13125.0
LAGDH_3_SE,LAGDH_3,SE,314262,6/8/2015,6/14/2015,40.61533,-96.76153,NA,low,2.5,15.0,10.0,5.0,5.0,15.0,2.5,4375.0
LAGDH_3_SW,LAGDH_3,SW,314292,6/8/2015,6/14/2015,40.63885,-96.81211,NA,low,3.5,15.0,15.0,10.0,5.0,15.0,2.5,7875.0
LAGDH_4_NE,LAGDH_4,NE,314218,6/2/2015,6/8/2015,40.95863,-96.88709,NA,low,4.8,15.0,5.0,10.0,5.0,5.0,2.5,2250.0
LAGDH_4_NW,LAGDH_4,NW,314262,6/2/2015,6/8/2015,40.96905,-96.9858,NA,high,4.8,15.0,5.0,5.0,10.0,15.0,2.5,5250.0
LAGDH_4_SE,LAGDH_4,SE,314292,6/2/2015,6/8/2015,40.90956,-96.87437,NA,low,3.0,15.0,2.5,10.0,15.0,15.0,2.5,7656.25
LAGDH_4_SW,LAGDH_4,SW,314111,6/2/2015,6/8/2015,40.89861,-96.97088,NA,low,4.8,15.0,5.0,10.0,5.0,10.0,2.5,3750.0
LPAP_1_NE,LPAP_1,NE,314262,7/23/2015,8/3/2015,41.31781,-96.29571,321,low,5.0,15.0,10.0,10.0,10.0,15.0,2.5,8750.0
LPAP_1_NW,LPAP_1,NW,314292,7/23/2015,8/3/2015,41.30947,-96.39329,368,low,2.8,15.0,10.0,10.0,15.0,15.0,2.5,10937.5
LPAP_1_SE,LPAP_1,SE,314111,7/23/2015,8/3/2015,41.25868,-96.28867,339,low,5.0,15.0,10.0,15.0,15.0,15.0,2.5,13125.0
MAP_R2_NE,MAP_R2,NE,314204,7/23/2015,7/29/2015,42.35265,-96.43273,335,Low,4.8,15.0,15.0,10.0,15.0,15.0,2.5,13125.0
MAP_R2_NW,MAP_R2,NW,314082,7/23/2015,7/29/2015,42.35696,-96.51077,364,Low,3.5,15.0,10.0,5.0,2.5,5.0,2.5,1406.25
MRP_1_NE,MRP_1,NE,314070,8/6/2015,8/14/2015,40.17414,-101.27575,871,Low,3.5,10.0,5.0,5.0,5.0,5.0,2.5,1125.0
MRP_1_SE,MRP_1,SE,314293,8/6/2015,8/14/2015,40.16605,-101.30676,871,Low,3.5,15.0,15.0,5.0,5.0,15.0,2.5,5250.0
MRP_2_NE,MRP_2,NE,324717,8/3/2015,8/9/2015,40.42256,-101.45155,920,low,4.8,15.0,5.0,5.0,5.0,5.0,2.5,1500.0
MRP_2_NW,MRP_2,NW,314219,8/3/2015,8/9/2015,40.42371,-101.47086,917,High,2.8,5.0,5.0,5.0,2.5,2.5,2.5,375.0
MRP_2_SE,MRP_2,SE,314078,8/3/2015,8/9/2015,40.42161,-101.39854,892,low,2.8,10.0,5.0,5.0,5.0,2.5,2.5,750.0
MRP_2_SW,MRP_2,SW,314289,8/3/2015,8/9/2015,40.42207,-101.45698,920,low,4.8,10.0,5.0,5.0,10.0,5.0,2.5,1687.5
NLH_1_NE,NLH_1,NE,314078,7/26/2015,8/1/2015,40.42855,-95.68725,291,low,3.5,15.0,10.0,2.5,5.0,2.5,10.0,2343.75
NLH_1_NW,NLH_1,NW,314278,7/26/2015,8/1/2015,40.42121,-95.78418,327,low,4.8,15.0,5.0,2.5,5.0,2.5,2.5,750.0
NLH_1_SE,NLH_1,SE,314219,7/26/2015,8/1/2015,40.40893,-95.70463,303,low,4.8,15.0,2.5,2.5,2.5,15.0,2.5,1531.25
NLH_1_SW,NLH_1,SW,134289,7/26/2015,8/1/2015,40.365,-95.73546,276,low,4.8,15.0,2.5,2.5,10.0,15.0,10.0,5468.75
NLH_2_NE,NLH_2,NE,314262,7/13/2015,7/23/2015,41.1182,-96.05405,NA,low,2.5,15.0,10.0,5.0,10.0,10.0,2.5,4687.5
NLH_2_NW,NLH_2,NW,314292,7/13/2015,7/23/2015,41.1457,-96.12825,NA,low,2.5,15.0,10.0,10.0,5.0,10.0,2.5,4687.5
NLH_2_SE,NLH_2,SE,314218,7/13/2015,7/23/2015,41.06866,-96.0392,NA,low,3.0,15.0,15.0,15.0,15.0,15.0,2.5,15750.0
NLH_2_SW,NLH_2,SW,314111,7/13/2015,7/23/2015,41.09826,-96.1275,NA,low,3.0,15.0,10.0,10.0,10.0,15.0,2.5,8750.0
NLH_3_NE,NLH_3,NE,314240,7/23/2015,7/29/2015,42.09617,-96.32693,349,High,4.8,10.0,15.0,5.0,15.0,15.0,10.0,12500.0
NLH_3_NW,NLH_3,NW,314216,7/23/2015,7/29/2015,42.12545,-96.35793,314,High,2.5,15.0,5.0,5.0,5.0,2.5,2.5,1e3
NLH_3_SE,NLH_3,SE,314073,7/23/2015,7/29/2015,42.06857,-96.30108,388,High,4.0,15.0,2.5,2.5,2.5,2.5,2.5,437.5
NLH_3_SW,NLH_3,SW,314269,7/23/2015,7/29/2015,42.07867,-96.33014,338,Low,4.8,15.0,2.5,2.5,2.5,15.0,2.5,1531.25
NNLH_1_NE,NNLH_1,NE,314262,6/30/2015,7/6/2015,41.64243,-96.44605,NA,low,6.0,15.0,5.0,15.0,5.0,15.0,2.5,7e3
NNLH_1_NW,NNLH_1,NW,314111,6/30/2015,7/6/2015,41.64371,-96.50026,NA,low,5.5,15.0,15.0,15.0,10.0,15.0,2.5,13125.0
NNLH_1_SE,NNLH_1,SE,314218,6/30/2015,7/6/2015,41.61934,-96.44947,NA,low,2.5,15.0,15.0,10.0,5.0,15.0,10.0,11250.0
NNLH_1_SW,NNLH_1,SW,314292,6/30/2015,7/6/2015,41.60901,-96.47093,NA,low,2.5,15.0,15.0,15.0,10.0,15.0,2.5,13125.0
NNLH_5_NE,NNLH_5,NE,314113,7/22/2015,7/28/2015,42.24742,-97.38802,521,Low,4.8,15.0,15.0,5.0,5.0,10.0,2.5,3750.0
NNLH_5_NW,NNLH_5,NW,314172,7/22/2015,7/28/2015,42.28049,-97.45567,512,High,2.5,10.0,10.0,2.5,2.5,2.5,2.5,500.0
NNLH_5_SE,NNLH_5,SE,314248,7/22/2015,7/28/2015,42.22296,-97.41907,535,Low,2.5,15.0,15.0,5.0,5.0,5.0,2.5,2250.0
NNLH_5_SW,NNLH_5,SW,314119,7/22/2015,7/28/2015,42.23191,-97.45502,501,Low,2.5,15.0,5.0,10.0,2.5,5.0,2.5,1875.0
NNLH_6_NE,NNLH_6,NE,314114,7/22/2015,7/28/2015,42.55027,-97.05667,460,low,3.0,10.0,5.0,2.5,2.5,2.5,2.5,375.0
NNLH_6_NW,NNLH_6,NW,314120,7/22/2015,7/28/2015,42.55096,-97.11409,475,low,4.8,15.0,2.5,2.5,2.5,2.5,2.5,437.5
NNLH_6_SE,NNLH_6,SE,314239,7/22/2015,7/28/2015,42.53275,-97.03413,443,high,3.0,10.0,2.5,2.5,2.5,2.5,2.5,312.5
NNLH_6_SW,NNLH_6,SW,314217,7/22/2015,7/28/2015,42.49142,-97.0977,471,low,4.8,15.0,5.0,10.0,10.0,10.0,2.5,5e3
NNLH_7_NE,NNLH_7,NE,314300,7/21/2015,7/27/2015,42.63192,-97.88763,429,Low,3.5,15.0,5.0,5.0,5.0,5.0,2.5,1500.0
NNLH_7_NW,NNLH_7,NW,314258,7/21/2015,7/27/2015,42.59102,-97.91548,470,High,2.8,15.0,5.0,2.5,5.0,2.5,2.5,750.0
NNLH_7_SE,NNLH_7,SE,314268,7/21/2015,7/27/2015,42.60709,-97.88371,446,High,3.5,10.0,5.0,2.5,2.5,5.0,2.5,562.5
NNLH_7_SW,NNLH_7,SW,314226,7/21/2015,7/27/2015,42.58336,-97.98144,510,Low,4.8,15.0,10.0,5.0,5.0,15.0,2.5,4375.0
NNLH_8_NE,NNLH_8,NE,314279,7/22/2015,7/28/2015,42.83011,-97.66342,381,high,2.8,15.0,2.5,5.0,2.5,5.0,2.5,984.375
NNLH_8_NW,NNLH_8,NW,314070,7/22/2015,7/28/2015,42.78404,-97.7295,522,low,4.8,15.0,10.0,5.0,5.0,5.0,2.5,1875.0
NNLH_8_SE,NNLH_8,SE,314109,7/22/2015,7/28/2015,42.77375,-97.67319,458,low,4.5,15.0,10.0,10.0,5.0,5.0,2.5,2812.5
NNLH_8_SW,NNLH_8,SW,314305,7/22/2015,7/28/2015,42.77107,-97.67533,465,high,3.5,10.0,5.0,5.0,5.0,10.0,2.5,1875.0
NRB_1_NE,NRB_1,NE,314216,7/9/2015,7/15/2015,42.76726,-99.52494,662,Low,3.5,10.0,5.0,5.0,5.0,5.0,2.5,1125.0
NRB_1_NW,NRB_1,NW,314248,7/9/2015,7/15/2015,42.7749,-99.55373,701,Low,3.5,15.0,5.0,5.0,2.5,10.0,2.5,1875.0
NRB_1_SE,NRB_1,SE,314240,7/9/2015,7/15/2015,42.75215,-99.50731,653,High,3.5,10.0,2.5,5.0,2.5,5.0,2.5,703.125
NRB_1_SW,NRB_1,SW,324717,7/9/2015,7/15/2015,42.72076,-99.587,608,Low,4.8,15.0,15.0,15.0,15.0,15.0,2.5,15750.0
PBAH_1_NE,PBAH_1,NE,314210,6/17/2015,6/22/2015,41.60168,-102.85138,1093,Low,2.5,15.0,15.0,15.0,2.5,2.5,2.5,2625.0
PBAH_1_NW,PBAH_1,NW,314172,6/16/2015,6/22/2015,41.62325,-102.89502,1105,Low,2.5,15.0,15.0,5.0,15.0,10.0,2.5,7500.0
PBAH_1_SE,PBAH_1,SE,314196,6/17/2015,6/22/2015,41.59761,-102.83751,1081,Low,2.5,10.0,5.0,5.0,2.5,5.0,2.5,843.75
PBAH_1_SW,PBAH_1,SW,314265,6/16/2015,6/22/2015,41.59505,-102.88276,1086,Low,2.5,15.0,15.0,15.0,10.0,15.0,2.5,13125.0
PBAH_2_NE,PBAH_2,NE,314078,6/8/2015,6/15/2015,41.68793,-103.48862,1305,Low,2.5,10.0,10.0,15.0,5.0,15.0,2.5,7e3
PBAH_2_NW,PBAH_2,NW,314109,6/7/2015,6/15/2015,41.69944,-103.54701,1299,Low,2.5,10.0,2.5,10.0,5.0,15.0,2.5,3281.25
PBAH_2_SE,PBAH_2,SE,314193,6/8/2015,6/15/2015,41.66351,-103.44818,1294,Low,2.5,10.0,2.5,5.0,10.0,15.0,2.5,3281.25
PBAH_2_SW,PBAH_2,SW,314172,6/8/2015,6/15/2015,41.65982,-103.53403,1360,High,3.0,10.0,5.0,5.0,5.0,15.0,2.5,2625.0
PP_1_NE,PP_1,NE,314251,7/17/2015,7/23/2015,42.98896,-98.63703,488,Low,5.0,15.0,2.5,5.0,2.5,5.0,10.0,1968.75
PP_1_NW,PP_1,NW,314228,7/17/2015,7/23/2015,42.97692,-98.70788,565,Low,3.0,15.0,10.0,2.5,2.5,2.5,2.5,625.0
PP_1_SE,PP_1,SE,314193,7/17/2015,7/23/2015,42.96328,-98.65412,553,High,2.5,10.0,2.5,10.0,5.0,15.0,2.5,3281.25
PP_1_SW,PP_1,SW,314282,7/17/2015,7/23/2015,42.94217,-98.69971,541,Low,5.0,15.0,15.0,5.0,10.0,10.0,2.5,5625.0
PRE_1_NE,PRE_1,NE,314258,7/6/2015,7/12/2015,42.74667,-102.95663,1177,Low,4.8,15.0,2.5,5.0,5.0,10.0,2.5,2187.5
PRE_1_NW,PRE_1,NW,314305,7/6/2015,7/12/2015,42.73666,-103.01469,1206,Low,4.8,15.0,10.0,15.0,15.0,15.0,2.5,13125.0
PRE_1_SE,PRE_1,SE,314268,7/6/2015,7/12/2015,42.73137,-102.94678,1238,Low,4.8,10.0,10.0,5.0,5.0,15.0,2.5,3500.0
PRE_1_SW,PRE_1,SW,314300,7/6/2015,7/12/2015,42.71435,-103.03493,1260,Low,4.8,15.0,10.0,10.0,10.0,15.0,2.5,8750.0
PRE_2_NE,PRE_2,NE,314172,6/30/2015,7/7/2015,42.84749,-102.52309,1115,Low,4.8,10.0,15.0,15.0,15.0,10.0,2.5,9375.0
PRE_2_NW,PRE_2,NW,314105,6/30/2015,7/7/2015,42.86512,-102.53651,1137,Low,4.8,10.0,10.0,2.5,2.5,15.0,2.5,1750.0
PRE_2_SE,PRE_2,SE,314717,6/30/2015,7/7/2015,42.83027,-102.51009,1133,Low,2.5,10.0,2.5,2.5,2.5,5.0,2.5,468.75
PRE_2_SW,PRE_2,SW,314239,6/30/2015,7/7/2015,42.80181,-102.54256,1142,High,4.8,10.0,2.5,2.5,2.5,5.0,2.5,468.75
PRV_1_NE,PRV_1,NE,314105,6/1/2015,6/8/2015,40.65863,-98.95174,639,Low,5.0,15.0,15.0,15.0,15.0,15.0,5.0,18e3
PRV_1_NW,PRV_1,NW,314219,6/1/2015,6/8/2015,40.65521,-98.98672,644,Low,2.5,15.0,10.0,5.0,5.0,10.0,2.5,3125.0
PRV_1_SE,PRV_1,SE,314204,6/1/2015,6/8/2015,40.59148,-98.91476,646,Low,3.0,15.0,5.0,5.0,5.0,5.0,2.5,1500.0
PRV_1_SW,PRV_1,SW,314305,6/1/2015,6/8/2015,40.60406,-99.00764,647,Low,5.0,15.0,10.0,15.0,10.0,15.0,2.5,10937.5
PRV_2_NE,PRV_2,NE,314239,6/3/2015,6/9/2015,41.03251,-98.20383,545,Low,5.5,15.0,15.0,10.0,15.0,15.0,2.5,13125.0
PRV_2_NW,PRV_2,NW,314210,6/3/2015,6/9/2015,41.00221,-98.2673,547,Low,3.0,15.0,10.0,5.0,5.0,15.0,2.5,4375.0
PRV_2_SE,PRV_2,SE,314253,6/3/2015,6/9/2015,40.97412,-98.21532,538,Low,4.0,10.0,2.5,2.5,2.5,10.0,2.5,781.25
PRV_2_SW,PRV_2,SW,314240,6/3/2015,6/9/2015,40.98065,-98.26644,549,Low,3.0,10.0,10.0,5.0,2.5,10.0,2.5,1875.0
PRV_3_NE,PRV_3,NE,314219,6/17/2015,6/23/2015,41.04699,-100.48771,819,High,2.4,5.0,5.0,5.0,2.5,2.5,2.5,375.0
PRV_3_NW,PRV_3,NW,314119,6/17/2015,6/23/2015,41.03962,-100.52821,815,High,2.4,10.0,5.0,5.0,5.0,15.0,2.5,2625.0
PRV_3_SE,PRV_3,SE,314105,6/17/2015,6/23/2015,41.00262,-100.47748,822,High,4.0,10.0,5.0,5.0,5.0,10.0,2.5,1875.0
PRV_3_SW,PRV_3,SW,314258,6/17/2015,6/23/2015,41.00458,-100.57173,853,Low,2.8,10.0,15.0,2.5,5.0,5.0,2.5,1406.25
PRV_4_NW,PRV_4,NW,314250,6/1/2015,6/8/2015,41.29276,-97.67046,476,Low,5.0,15.0,2.5,2.5,5.0,15.0,2.5,2296.875
PRV_4_SE,PRV_4,SE,314217,6/1/2015,6/8/2015,41.27187,-97.61841,476,High,2.5,2.5,5.0,2.5,2.5,5.0,2.5,281.25
PRV_4_SW,PRV_4,SW,314138,6/1/2015,6/8/2015,41.27886,-97.65717,470,Low,2.5,15.0,2.5,10.0,10.0,10.0,2.5,4375.0
PRVAT_1_NE,PRVAT_1,NE,314239,6/12/2015,6/18/2015,41.18466,-101.36456,927,Low,2.5,10.0,15.0,10.0,5.0,15.0,2.5,6562.5
PRVAT_1_NW,PRVAT_1,NW,314240,6/12/2015,6/18/2015,41.19596,-101.39505,946,Low,2.5,10.0,10.0,10.0,15.0,15.0,2.5,8750.0
PRVAT_1_SE,PRVAT_1,SE,314237,6/12/2015,6/18/2015,41.15574,-101.34595,914,Low,2.5,15.0,15.0,10.0,10.0,15.0,2.5,10500.0
PRVAT_1_SW,PRVAT_1,SW,324717,6/12/2015,6/18/2015,41.1625,-101.40491,925,Low,3.5,15.0,15.0,5.0,2.5,2.5,2.5,1125.0
PRVAT_2_NE,PRVAT_2,NE,314269,6/12/2015,6/18/2015,41.25319,-101.69601,1001,Low,3.0,10.0,10.0,5.0,2.5,10.0,2.5,1875.0
PRVAT_2_NW,PRVAT_2,NW,314268,6/12/2015,6/18/2015,41.25996,-101.77449,1000,Low,2.5,15.0,10.0,10.0,10.0,10.0,2.5,6250.0
PRVAT_2_SE,PRVAT_2,SE,314213,6/12/2015,6/18/2015,41.20368,-101.72487,1000,Low,5.0,15.0,15.0,15.0,10.0,15.0,2.5,13125.0
PRVAT_2_SW,PRVAT_2,SW,314073,6/12/2015,6/18/2015,41.21214,-101.76863,999,Low,3.0,10.0,15.0,15.0,2.5,15.0,2.5,7656.25
RBP_1_NE,RBP_1,NE,314239,7/29/2015,8/4/2015,40.06826,-97.61182,466,low,4.8,15.0,10.0,10.0,2.5,15.0,2.5,5468.75
RBP_1_NW,RBP_1,NW,314248,7/29/2015,8/4/2015,40.06078,-97.66572,491,low,4.8,15.0,15.0,5.0,2.5,15.0,2.5,3937.5
RBP_1_SE,RBP_1,SE,314109,7/29/2015,8/4/2015,40.01174,-97.6217,482,low,4.8,15.0,2.5,2.5,2.5,2.5,2.5,437.5
RBP_1_SW,RBP_1,SW,314119,7/29/2015,8/4/2015,40.01597,-97.68353,484,low,3.0,15.0,5.0,5.0,2.5,2.5,2.5,750.0
RBP_10_NE,RBP_10,NE,314073,8/3/2015,8/9/2015,40.76814,-97.47678,455,low,1.5,15.0,2.5,5.0,15.0,2.5,2.5,1750.0
RBP_10_NW,RBP_10,NW,314228,8/3/2015,8/9/2015,40.76197,-97.53079,466,high,2.5,10.0,2.5,2.5,5.0,15.0,2.5,1640.625
RBP_10_SE,RBP_10,SE,314305,8/3/2015,8/9/2015,40.75552,-97.50188,458,low,3.0,15.0,15.0,10.0,2.5,2.5,2.5,1875.0
RBP_10_SW,RBP_10,SW,314216,8/3/2015,8/9/2015,40.75266,-97.58603,468,low,4.8,15.0,10.0,2.5,2.5,15.0,2.5,2187.5
RBP_11_NE,RBP_11,NE,314216,8/9/2015,8/15/2015,40.85913,-97.24859,NA,Low,2.5,15.0,15.0,10.0,10.0,15.0,2.5,10500.0
RBP_11_NW,RBP_11,NW,314073,8/9/2015,8/15/2015,40.81075,-97.34009,NA,Low,4.0,15.0,10.0,10.0,10.0,15.0,2.5,8750.0
RBP_11_SE,RBP_11,SE,314305,8/9/2015,8/15/2015,40.79417,-97.23384,NA,High,3.0,15.0,10.0,10.0,5.0,15.0,2.5,6562.5
RBP_11_SW,RBP_11,SW,314228,8/9/2015,8/15/2015,40.78763,-97.32014,NA,Low,2.0,15.0,10.0,10.0,10.0,15.0,2.5,8750.0
RBP_2_NE,RBP_2,NE,314216,5/31/2015,6/6/2015,40.24204,-98.06613,507,Low,4.0,10.0,10.0,5.0,2.5,10.0,2.5,1875.0
RBP_2_NW,RBP_2,NW,314300,5/31/2015,6/6/2015,40.20164,-98.13449,518,Low,3.5,10.0,10.0,10.0,10.0,5.0,2.5,3e3
RBP_2_SE,RBP_2,SE,314289,5/31/2015,6/6/2015,40.19093,-98.08363,518,Low,3.0,15.0,10.0,5.0,10.0,15.0,2.5,6562.5
RBP_2_SW,RBP_2,SW,314114,5/31/2015,6/6/2015,40.19014,-98.11893,519,Low,NA,10.0,5.0,5.0,10.0,10.0,2.5,2812.5
RBP_3_NW,RBP_3,NW,314265,7/29/2015,8/4/2015,40.2471,-97.53118,453,High,2.8,10.0,2.5,5.0,5.0,2.5,2.5,625.0
RBP_3_SE,RBP_3,SE,314253,7/29/2015,8/4/2015,40.16333,-97.49483,440,High,3.5,10.0,5.0,5.0,5.0,5.0,2.5,1125.0
RBP_3_SW,RBP_3,SW,369408,7/29/2015,8/4/2015,40.1626,-97.54817,442,High,3.5,10.0,5.0,5.0,5.0,2.5,2.5,750.0
RBP_4_NE,RBP_4,NE,314105,7/30/2015,8/6/2015,40.2354,-97.23242,449,low,4.8,15.0,10.0,10.0,5.0,5.0,2.5,2812.5
RBP_4_NW,RBP_4,NW,314282,7/30/2015,8/6/2015,40.23527,-97.33891,431,high,3.8,15.0,5.0,5.0,5.0,5.0,2.5,1500.0
RBP_4_SE,RBP_4,SE,314082,7/30/2015,8/6/2015,40.19745,-97.22605,414,low,3.5,15.0,10.0,5.0,5.0,5.0,2.5,1875.0
RBP_5_EX,RBP_5,EX,314,7/28/2015,8/3/2015,40.3957,-96.89938,NA,low,3.5,10.0,5.0,5.0,5.0,2.5,2.5,750.0
RBP_5_NE,RBP_5,NE,314262,7/7/2015,7/13/2015,40.41513,-96.91791,177,low,2.8,15.0,10.0,5.0,5.0,5.0,10.0,3750.0
RBP_5_NW,RBP_5,NW,314292,7/7/2015,7/13/2015,40.40305,-96.97191,423,low,2.8,15.0,10.0,5.0,10.0,15.0,10.0,9375.0
RBP_5_SE,RBP_5,SE,314218,7/7/2015,7/13/2015,40.36546,-96.87165,NA,low,2.8,15.0,10.0,10.0,10.0,15.0,2.5,8750.0
RBP_5_SW,RBP_5,SW,314111,7/7/2015,7/13/2015,40.38888,-96.92797,402,low,2.8,15.0,2.5,10.0,15.0,15.0,10.0,10937.5
RBP_9_NE,RBP_9,NE,314218,6/14/2015,6/26/2015,40.58165,-96.9968,NA,low,2.5,15.0,2.5,15.0,15.0,15.0,2.5,9187.5
RBP_9_NW,RBP_9,NW,314262,6/14/2015,6/26/2015,40.60601,-97.0976,NA,low,2.5,15.0,5.0,5.0,10.0,15.0,2.5,5250.0
RBP_9_SE,RBP_9,SE,314111,6/14/2015,6/26/2015,40.53477,-97.01199,NA,low,2.5,15.0,15.0,10.0,15.0,15.0,2.5,13125.0
RBP_9_SW,RBP_9,SW,314292,6/14/2015,6/26/2015,40.56223,-97.06042,NA,low,5.0,15.0,10.0,10.0,5.0,10.0,2.5,4687.5
RBP_R1_NW,RBP_R1,NW,314113,7/29/2015,8/4/2015,40.15776,-97.51807,434,Low,3.5,15.0,5.0,5.0,2.5,5.0,2.5,1125.0
RBP_R1_SE,RBP_R1,SE,314114,7/29/2015,8/4/2015,40.07758,-97.50147,457,Low,4.8,15.0,10.0,5.0,5.0,5.0,2.5,1875.0
RBP_R1_SW,RBP_R1,SW,314279,7/29/2015,8/4/2015,40.10339,-97.53306,473,High,4.0,10.0,2.5,2.5,2.5,2.5,2.5,312.5
RBP_R2_SE,RBP_R2,SE,314258,7/31/2015,8/6/2015,40.11389,-97.03034,484,high,3.5,15.0,10.0,5.0,2.5,2.5,2.5,937.5
RBP_R2_SW,RBP_R2,SW,314217,7/30/2015,8/6/2015,40.11519,-97.05828,415,low,4.8,15.0,15.0,10.0,10.0,5.0,2.5,4500.0
RPAB_1_NE,RPAB_1,NE,314204,7/31/2015,8/7/2015,40.08259,-99.58786,626,low,4.8,10.0,15.0,2.5,2.5,15.0,2.5,2187.5
RPAB_1_NW,RPAB_1,NW,314193,7/31/2015,8/7/2015,40.08944,-99.66433,609,high,2.5,10.0,2.5,2.5,2.5,5.0,2.5,468.75
RPAB_1_SE,RPAB_1,SE,314240,7/31/2015,8/7/2015,40.03482,-99.59448,684,low,4.8,15.0,15.0,2.5,2.5,15.0,2.5,2625.0
RPAB_1_SW,RPAB_1,SW,314269,7/31/2015,8/7/2015,40.06478,-99.68644,639,low,4.8,15.0,2.5,10.0,5.0,5.0,2.5,1968.75
RPAB_2_NE,RPAB_2,NE,314278,6/1/2015,6/9/2015,40.13272,-98.69626,548,Low,2.5,15.0,15.0,15.0,15.0,15.0,2.5,15750.0
RPAB_2_NW,RPAB_2,NW,314265,6/1/2015,6/9/2015,40.09776,-98.70541,534,Low,3.0,10.0,5.0,10.0,2.5,5.0,2.5,1406.25
RPAB_2_SE,RPAB_2,SE,314269,6/1/2015,6/9/2015,40.08176,-98.66968,525,Low,3.5,10.0,2.5,10.0,5.0,15.0,2.5,3281.25
RPAB_2_SW,RPAB_2,SW,314299,6/1/2015,6/9/2015,40.06835,-98.74769,523,Low,3.5,15.0,5.0,5.0,5.0,15.0,2.5,3500.0
RPAB_3_NE,RPAB_3,NE,314073,6/1/2015,6/9/2015,40.13083,-98.44876,530,Low,2.5,15.0,15.0,15.0,2.5,5.0,2.5,3937.5
RPAB_3_NW,RPAB_3,NW,314090,6/1/2015,6/9/2015,40.12967,-98.48179,543,Low,3.0,10.0,5.0,2.5,5.0,2.5,2.5,562.5
RPAB_3_SE,RPAB_3,SE,314228,6/1/2015,6/9/2015,40.06538,-98.42436,506,Low,5.0,15.0,5.0,5.0,5.0,10.0,2.5,2500.0
RPAB_3_SW,RPAB_3,SW,324714,6/1/2015,6/9/2015,40.06918,-98.46432,514,Low,3.5,15.0,5.0,10.0,10.0,2.5,2.5,2e3
RPAB_4_NE,RPAB_4,NE,314217,8/9/2015,8/15/2015,40.35223,-99.67009,696,low,4.8,15.0,2.5,2.5,5.0,15.0,2.5,2296.875
RPAB_4_NW,RPAB_4,NW,314248,8/9/2015,8/15/2015,40.33433,-99.6815,655,low,4.0,5.0,2.5,5.0,2.5,5.0,2.5,421.875
RPAB_4_SE,RPAB_4,SE,314299,8/9/2015,8/15/2015,40.30431,-99.61167,667,low,4.0,15.0,5.0,5.0,5.0,15.0,2.5,3500.0
RPAB_4_SW,RPAB_4,SW,314109,8/9/2015,8/15/2015,40.32116,-99.65353,665,low,4.8,10.0,2.5,10.0,10.0,15.0,2.5,4375.0
RPAB_5_NE,RPAB_5,NE,314239,8/9/2015,8/15/2015,40.4239,-99.87786,697,Low,2.8,15.0,5.0,5.0,5.0,5.0,2.5,1500.0
RPAB_5_NW,RPAB_5,NW,314268,8/9/2015,8/15/2015,40.46011,-99.96017,739,Low,4.8,15.0,5.0,5.0,5.0,15.0,2.5,3500.0
RPAB_5_SE,RPAB_5,SE,314292,8/9/2015,8/15/2015,40.3806,-99.89406,686,Low,2.8,15.0,2.5,10.0,5.0,15.0,2.5,4593.75
RPAB_5_SW,RPAB_5,SW,314279,8/9/2015,8/15/2015,40.41148,-99.95135,698,Low,3.5,15.0,5.0,10.0,5.0,5.0,2.5,2250.0
RPAB_7_NE,RPAB_7,NE,314226,8/8/2015,8/14/2015,40.79836,-100.40718,863,Low,4.8,15.0,2.5,10.0,10.0,15.0,2.5,6125.0
RPAB_7_NW,RPAB_7,NW,314258,8/8/2015,8/14/2015,40.77188,-100.40356,891,Low,4.8,15.0,2.5,5.0,10.0,15.0,2.5,4593.75
RPAB_7_SE,RPAB_7,SE,314300,8/8/2015,8/14/2015,40.73303,-100.33848,817,Low,3.0,15.0,2.5,15.0,2.5,15.0,2.5,5359.375
RPAB_7_SW,RPAB_7,SW,314282,8/8/2015,8/14/2015,40.76774,-100.38461,866,Low,4.8,15.0,5.0,10.0,2.5,15.0,2.5,4375.0
RSP_R2_SE,RSP_R2,SE,314271,8/3/2015,8/9/2015,40.52943,-101.46624,946,high,3.5,15.0,5.0,2.5,2.5,5.0,2.5,750.0
RSP_R2_SW,RSP_R2,SW,314251,8/3/2015,8/9/2015,40.53307,-101.47842,940,low,4.8,15.0,5.0,5.0,5.0,15.0,2.5,3500.0
RSP_R4_NW,RSP_R4,NW,314204,6/12/2015,6/18/2015,40.91633,-101.72382,1051,Low,3.0,10.0,2.5,2.5,2.5,5.0,2.5,468.75
RSP_R4_SE,RSP_R4,SE,314271,6/12/2015,6/18/2015,40.87362,-101.68696,1032,Low,2.4,15.0,5.0,5.0,2.5,5.0,2.5,1125.0
RSP_R4_SW,RSP_R4,SW,314070,null,6/18/2015,40.84387,-101.76056,1057,Low,3.5,10.0,15.0,15.0,2.5,15.0,2.5,7656.25
SAST_R3_NE,SAST_R3,NE,314293,6/24/2015,6/30/2015,42.48674,-102.94948,1190,Low,4.0,15.0,10.0,10.0,10.0,10.0,2.5,6250.0
SAST_R3_NW,SAST_R3,NW,314078,6/24/2015,6/30/2015,42.56301,-103.02746,1292,Low,2.5,15.0,10.0,10.0,10.0,15.0,2.5,8750.0
SAST_R3_SE,SAST_R3,SE,314253,6/24/2015,6/30/2015,42.4958,-102.98165,1201,Low,4.8,5.0,10.0,5.0,15.0,15.0,2.5,5250.0
SAST_R3_SW,SAST_R3,SW,314269,6/24/2015,6/30/2015,42.49281,-103.0063,1203,Low,2.5,15.0,15.0,15.0,10.0,15.0,2.5,13125.0
SAST_R4_NE,SAST_R4,NE,314262,8/5/2015,8/11/2015,42.65702,-103.0548,1230,Low,4.8,15.0,10.0,10.0,10.0,15.0,2.5,8750.0
SAST_R4_NW,SAST_R4,NW,314111,8/5/2015,8/11/2015,42.64194,-103.09355,1312,Low,2.8,15.0,10.0,15.0,10.0,15.0,2.5,10937.5
SAST_R4_SW,SAST_R4,SW,314278,8/5/2015,8/11/2015,42.63907,-103.1579,1256,Low,2.8,15.0,15.0,2.5,15.0,15.0,2.5,9187.5
SAST_R6_NE,SAST_R6,NE,314258,6/26/2015,7/2/2015,42.75956,-103.92268,1389,Low,3.5,15.0,10.0,5.0,5.0,15.0,2.5,4375.0
SAST_R6_NW,SAST_R6,NW,314233,6/26/2015,7/2/2015,42.78426,-103.99258,1567,Low,3.5,10.0,10.0,2.5,5.0,15.0,2.5,2625.0
SAST_R6_SE,SAST_R6,SE,314268,6/26/2015,7/2/2015,42.74392,-103.9217,1511,Low,2.5,15.0,5.0,15.0,2.5,15.0,2.5,6125.0
SAST_R6_SW,SAST_R6,SW,314109,6/26/2015,7/2/2015,42.76842,-103.92128,1420,Low,2.5,10.0,10.0,2.5,2.5,15.0,10.0,2500.0
SH_1_NE,SH_1,NE,314305,6/19/2015,6/25/2015,41.41455,-100.41149,915,High,4.2,10.0,5.0,2.5,2.5,5.0,2.5,562.5
SH_1_NW,SH_1,NW,314251,6/19/2015,6/25/2015,41.41688,-100.46189,925,Low,4.8,10.0,5.0,5.0,5.0,15.0,2.5,2625.0
SH_1_SE,SH_1,SE,314091,6/19/2015,6/25/2015,41.37875,-100.41375,906,Low,4.8,15.0,15.0,5.0,5.0,15.0,2.5,5250.0
SH_1_SW,SH_1,SW,314114,6/19/2015,6/25/2015,41.37531,-100.45024,911,Low,4.8,10.0,5.0,2.5,2.5,15.0,2.5,1312.5
SH_10_NE,SH_10,NE,314279,7/7/2015,7/13/2015,41.97337,-99.70624,744,Low,4.8,10.0,5.0,2.5,5.0,15.0,2.5,1968.75
SH_10_NW,SH_10,NW,314114,7/7/2015,7/13/2015,41.9822,-99.7854,775,Low,4.6,15.0,15.0,10.0,15.0,15.0,2.5,13125.0
SH_10_SE,SH_10,SE,314119,7/7/2015,7/13/2015,41.92879,-99.711429999999993,738,High,4.8,10.0,15.0,10.0,5.0,15.0,2.5,6562.5
SH_10_SW,SH_10,SW,314204,7/7/2015,7/13/2015,41.91087,-99.78371,745,Low,4.8,15.0,15.0,15.0,15.0,15.0,2.5,15750.0
SH_11_NE,SH_11,NE,314293,7/10/2015,7/16/2015,42.08661,-99.38502,741,Low,4.8,15.0,10.0,10.0,2.5,15.0,2.5,5468.75
SH_11_NW,SH_11,NW,314233,7/10/2015,7/16/2015,42.08414,-99.39196,738,Low,4.8,15.0,10.0,5.0,5.0,15.0,2.5,4375.0
SH_11_SE,SH_11,SE,314278,7/10/2015,7/16/2015,42.04463,-99.3794,706,Low,4.8,15.0,2.5,2.5,5.0,15.0,10.0,3281.25
SH_11_SW,SH_11,SW,314251,7/10/2015,7/16/2015,42.07935,-99.38652,742,Low,4.8,15.0,15.0,10.0,15.0,15.0,10.0,18750.0
SH_13_NW,SH_13,NW,314278,7/1/2015,7/7/2015,42.15944,-101.2176,1032,Low,4.8,15.0,15.0,2.5,5.0,15.0,2.5,3937.5
SH_13_SE,SH_13,SE,314196,7/1/2015,7/7/2015,42.15987,-101.20525,1020,Low,2.5,10.0,10.0,2.5,5.0,15.0,2.5,2625.0
SH_13_SW,SH_13,SW,314070,7/1/2015,7/7/2015,42.15334,-101.22535,983,Low,4.8,15.0,15.0,10.0,15.0,15.0,2.5,13125.0
SH_15_NE,SH_15,NE,314289,7/11/2015,7/17/2015,42.43169,-99.66329,770,High,4.8,10.0,2.5,5.0,2.5,15.0,2.5,1640.625
SH_15_NW,SH_15,NW,314253,7/11/2015,7/17/2015,42.42532,-99.69695,773,High,4.0,10.0,2.5,2.5,2.5,2.5,2.5,312.5
SH_15_SE,SH_15,SE,314265,7/11/2015,7/17/2015,42.41648,-99.66512,775,High,3.0,10.0,5.0,5.0,5.0,2.5,2.5,750.0
SH_16_NE,SH_16,NE,314278,7/18/2015,7/24/2015,42.72503,-98.27856,441,Low,3.5,15.0,2.5,5.0,5.0,5.0,2.5,1312.5
SH_16_NW,SH_16,NW,314210,7/18/2015,7/24/2015,42.6963,-98.31835,473,Low,4.0,10.0,10.0,5.0,5.0,5.0,2.5,1500.0
SH_16_SE,SH_16,SE,314265,7/18/2015,7/24/2015,42.70826,-98.26619,446,High,2.8,10.0,5.0,2.5,5.0,15.0,2.5,1968.75
SH_16_SW,SH_16,SW,314271,7/18/2015,7/24/2015,42.67344,-98.33096,503,Low,4.8,10.0,5.0,5.0,15.0,15.0,2.5,5250.0
SH_18_NE,SH_18,NE,314279,7/15/2015,7/21/2015,42.77614,-98.86856,550,High,3.0,10.0,5.0,2.5,2.5,2.5,2.5,375.0
SH_18_NW,SH_18,NW,314219,7/15/2015,7/21/2015,42.81623,-98.96507,527,Low,4.0,15.0,5.0,2.5,5.0,2.5,2.5,750.0
SH_18_SE,SH_18,SE,314305,7/15/2015,7/21/2015,42.73966,-98.8913,600,Low,4.8,10.0,2.5,2.5,2.5,10.0,2.5,781.25
SH_18_SW,SH_18,SW,314204,7/15/2015,7/21/2015,42.76477,-98.90967,537,Low,3.0,15.0,2.5,5.0,5.0,5.0,2.5,1312.5
SH_19_NE,SH_19,NE,314114,6/27/2015,7/3/2015,42.7593,-101.88777,1000,Low,4.8,10.0,15.0,5.0,15.0,15.0,2.5,8750.0
SH_19_NW,SH_19,NW,314238,6/27/2015,7/3/2015,42.7599,-101.90405,984,Low,4.8,15.0,10.0,5.0,5.0,15.0,2.5,4375.0
SH_19_SE,SH_19,SE,314279,6/27/2015,7/3/2015,42.75572,-101.88283,999,Low,4.8,15.0,5.0,5.0,2.5,15.0,2.5,2625.0
SH_19_SW,SH_19,SW,314091,6/27/2015,7/3/2015,42.75888,-101.89256,999,Low,4.8,15.0,5.0,5.0,10.0,15.0,2.5,5250.0
SH_4_NE,SH_4,NE,314150,6/19/2015,6/25/2015,41.65465,-100.32251,883,Low,4.8,15.0,15.0,15.0,15.0,15.0,2.5,15750.0
SH_4_NW,SH_4,NW,314226,6/19/2015,6/25/2015,41.69613,-100.36003,871,Low,4.8,10.0,2.5,5.0,5.0,2.5,2.5,625.0
SH_4_SE,SH_4,SE,314279,6/19/2015,6/25/2015,41.6196,-100.30539,875,Low,4.8,10.0,15.0,5.0,2.5,15.0,2.5,3281.25
SH_4_SW,SH_4,SW,314138,6/19/2015,6/25/2015,41.65273,-100.36416,879,High,5.0,15.0,5.0,5.0,5.0,2.5,2.5,1e3
SH_5_NE,SH_5,NE,314105,7/8/2015,7/14/2015,41.76991,-99.61922,803,Low,4.8,5.0,15.0,5.0,10.0,15.0,2.5,5250.0
SH_5_NW,SH_5,NW,314120,7/8/2015,7/14/2015,41.81093,-99.61383,772,Low,4.8,15.0,15.0,10.0,2.5,15.0,2.5,6562.5
SH_5_SE,SH_5,SE,314109,7/8/2015,7/14/2015,41.76898,-99.56007,790,Low,4.8,15.0,15.0,15.0,10.0,15.0,2.5,13125.0
SH_5_SW,SH_5,SW,314271,7/8/2015,7/14/2015,41.73178,-99.59705,784,Low,4.8,NA,NA,NA,NA,NA,NA,NA
SH_6_NE,SH_6,NE,314268,6/2/2015,6/10/2015,41.82245,-98.10108,564,High,3.0,15.0,10.0,2.5,2.5,5.0,2.5,937.5
SH_6_NW,SH_6,NW,314248,6/2/2015,6/10/2015,41.82165,-98.12882,561,Low,2.5,15.0,5.0,5.0,2.5,5.0,2.5,1125.0
SH_6_SE,SH_6,SE,314226,6/2/2015,6/10/2015,41.76577,-98.10011,562,Low,3.0,10.0,5.0,5.0,5.0,5.0,2.5,1125.0
SH_6_SW,SH_6,SW,314113,6/2/2015,6/10/2015,41.76327,-98.21432,637,High,2.5,5.0,2.5,2.5,2.5,5.0,2.5,281.25
SH_8_NE,SH_8,NE,314240,7/16/2015,7/22/2015,41.89236,-98.55243,656,Low,4.8,10.0,10.0,2.5,5.0,15.0,2.5,2625.0
SH_8_NW,SH_8,NW,314082,7/16/2015,7/22/2015,41.89975,-98.57098,663,Low,4.8,15.0,5.0,5.0,5.0,15.0,2.5,3500.0
SH_8_SE,SH_8,SE,314269,7/16/2015,7/22/2015,41.85621,-98.52231,667,High,2.5,10.0,2.5,2.5,2.5,2.5,2.5,312.5
SH_8_SW,SH_8,SW,314216,7/16/2015,7/22/2015,41.85284,-98.57742,637,Low,4.8,15.0,10.0,5.0,5.0,15.0,2.5,4375.0
SH_9_NE,SH_9,NE,314219,7/7/2015,7/13/2015,41.95808,-100.50156,884,Low,4.8,10.0,15.0,15.0,10.0,15.0,2.5,10937.5
SH_9_NW,SH_9,NW,314138,7/7/2015,7/13/2015,41.94792,-100.49072,881,Low,4.8,15.0,15.0,15.0,15.0,15.0,2.5,15750.0
SH_9_SE,SH_9,SE,314269,7/7/2015,7/13/2015,41.91323,-100.40951,837,Low,4.8,15.0,15.0,5.0,5.0,15.0,2.5,5250.0
SH_9_SW,SH_9,SW,314217,7/7/2015,7/13/2015,41.88181,-100.41497,866,High,5.0,10.0,5.0,2.5,2.5,15.0,2.5,1312.5
SH_R2_NE,SH_R2,NE,314226,6/11/2015,6/11/2015,40.81396,-101.11733,929,Low,5.0,15.0,5.0,5.0,15.0,15.0,2.5,7e3
SH_R2_NW,SH_R2,NW,314120,6/11/2015,6/11/2015,40.84101,-101.1712,939,Low,3.5,10.0,10.0,10.0,5.0,10.0,2.5,3750.0
SH_R2_SE,SH_R2,SE,314248,6/11/2015,6/11/2015,40.79615,-101.0986,905,Low,4.0,15.0,15.0,15.0,15.0,15.0,2.5,15750.0
SH_R2_SW,SH_R2,SW,314714,6/11/2015,6/11/2015,40.79119,-101.16969,942,Low,2.5,15.0,15.0,5.0,5.0,10.0,2.5,3750.0
SH_R3_NE,SH_R3,NE,314233,6/17/2015,6/23/2015,41.07418,-100.28489,856,Low,3.5,10.0,5.0,5.0,2.5,5.0,2.5,843.75
SH_R3_NW,SH_R3,NW,314289,6/17/2015,6/23/2015,41.06028,-100.33318,844,Low,4.8,15.0,15.0,2.5,2.5,15.0,2.5,2625.0
SH_R3_SE,SH_R3,SE,314109,6/17/2015,6/23/2015,41.04069,-100.23809,824,Low,4.8,NA,NA,NA,NA,NA,NA,NA
SH_R5_NE,SH_R5,NE,314251,6/11/2015,6/11/2015,41.13458,-100.86696,871,Low,5.0,15.0,15.0,5.0,10.0,5.0,2.5,3375.0
SH_R5_NW,SH_R5,NW,314138,6/11/2015,6/11/2015,41.14824,-100.86392,871,Low,4.0,15.0,5.0,5.0,5.0,15.0,2.5,3500.0
SH_R5_SE,SH_R5,SE,314091,6/11/2015,6/11/2015,41.07569,-100.84572,907,Low,3.5,15.0,2.5,5.0,2.5,15.0,2.5,2296.875
SH_R5_SW,SH_R5,SW,314114,6/11/2015,6/11/2015,41.10224,-100.90083,878,Low,2.5,15.0,2.5,5.0,5.0,15.0,2.5,3062.5
SH_R6_NE,SH_R6,NE,314150,6/11/2015,6/17/2015,41.26868,-101.62119,996,Low,3.5,10.0,10.0,10.0,5.0,10.0,2.5,3750.0
SH_R6_NW,SH_R6,NW,314228,6/11/2015,6/17/2015,41.25152,-101.64548,973,Low,3.5,10.0,5.0,5.0,2.5,10.0,2.5,1406.25
SH_R6_SE,SH_R6,SE,314196,6/11/2015,6/17/2015,41.2455,-101.59556,960,Low,4.8,10.0,5.0,5.0,5.0,15.0,2.5,2625.0
SH_R6_SW,SH_R6,SW,314210,6/11/2015,6/17/2015,41.21019,-101.63436,968,High,4.2,15.0,2.5,2.5,2.5,5.0,2.5,656.25
SMH_1_NW,SMH_1,NW,314250,7/28/2015,8/3/2015,40.05227,-96.687,390,low,3.5,15.0,5.0,10.0,5.0,5.0,2.5,2250.0
SMH_1_SE,SMH_1,SE,314299,7/28/2015,8/3/2015,40.00948,-96.65488,391,low,2.8,15.0,5.0,5.0,5.0,2.5,2.5,1e3
SMH_1_SW,SMH_1,SW,314226,7/28/2015,8/3/2015,40.01902,-96.70552,394,high,3.5,NA,NA,NA,NA,NA,NA,NA
SPSP_R1_NE,SPSP_R1,NE,314204,6/26/2015,7/2/2015,42.72719,-103.38596,1089,Low,4.8,10.0,5.0,15.0,2.5,15.0,2.5,4593.75
SPSP_R1_NW,SPSP_R1,NW,314265,6/26/2015,7/2/2015,42.69926,-103.39387,1123,High,2.4,15.0,10.0,5.0,5.0,15.0,2.5,4375.0
SPSP_R1_SE,SPSP_R1,SE,314228,6/26/2015,7/2/2015,42.64664,-103.30893,1284,Low,4.8,15.0,10.0,15.0,15.0,15.0,2.5,13125.0
SPSP_R1_SW,SPSP_R1,SW,314250,6/26/2015,7/2/2015,42.64557,-103.37811,1166,Low,3.5,5.0,5.0,2.5,2.5,10.0,2.5,625.0
SRB_1_NE,SRB_1,NE,314105,7/17/2015,7/23/2015,42.89954,-98.3928,379,Low,3.5,10.0,2.5,5.0,5.0,5.0,2.5,937.5
SRB_1_NW,SRB_1,NW,314233,7/17/2015,7/23/2015,42.91497,-98.47479,501,Low,3.5,10.0,5.0,5.0,5.0,5.0,2.5,1125.0
SRB_1_SE,SRB_1,SE,314293,7/17/2015,7/23/2015,42.87234,-98.40755,496,High,4.8,10.0,2.5,5.0,2.5,2.5,2.5,468.75
SRB_1_SW,SRB_1,SW,314196,7/17/2015,7/23/2015,42.83733,-98.478,443,Low,3.5,15.0,5.0,5.0,10.0,2.5,2.5,1500.0
TSP_1_NE,TSP_1,NE,314210,7/24/2015,7/30/2015,41.89904,-97.21607,470,Low,4.8,15.0,15.0,5.0,10.0,15.0,2.5,7875.0
TSP_1_SE,TSP_1,SE,314293,7/24/2015,7/30/2015,41.89908,-97.14804,514,Low,3.5,15.0,10.0,5.0,5.0,5.0,2.5,1875.0
TSP_1_SW,TSP_1,SW,314251,7/24/2015,7/30/2015,41.89044,-97.21881,465,Low,2.8,10.0,5.0,2.5,5.0,5.0,2.5,843.75
TSP_2_NE,TSP_2,NE,314091,7/21/2015,7/27/2015,42.55743,-97.93314,497,Low,4.8,15.0,2.5,5.0,2.5,10.0,2.5,1640.625
TSP_2_NW,TSP_2,NW,314150,7/21/2015,7/27/2015,42.55347,-97.96073,520,High,4.8,10.0,2.5,2.5,2.5,2.5,2.5,312.5
TSP_2_SE,TSP_2,SE,314250,7/21/2015,7/27/2015,42.48153,-97.90533,494,Low,4.8,15.0,5.0,10.0,10.0,10.0,2.5,5e3
TSP_2_SW,TSP_2,SW,369408,7/21/2015,7/27/2015,42.48517,-97.97707,513,High,4.8,5.0,5.0,2.5,2.5,5.0,2.5,375.0
WMAMP_1_NE,WMAMP_1,NE,324717,7/16/2015,7/22/2015,42.36475,-98.49136,581,Low,4.8,15.0,2.5,15.0,10.0,2.5,2.5,2187.5
WMAMP_1_NW,WMAMP_1,NW,314113,7/16/2015,7/22/2015,42.3614,-98.53363,597,High,2.8,10.0,2.5,2.5,2.5,2.5,2.5,312.5
WMAMP_1_SE,WMAMP_1,SE,314073,7/16/2015,7/22/2015,42.31889,-98.51351,604,High,2.8,10.0,5.0,5.0,2.5,5.0,2.5,843.75
WMAMP_1_SW,WMAMP_1,SW,314248,7/16/2015,7/22/2015,42.31995,-98.53672,613,High,4.8,15.0,5.0,2.5,5.0,2.5,2.5,750.0
WMAMP_2_NE,WMAMP_2,NE,314109,7/15/2015,7/21/2015,42.53809,-99.01009,639,Low,4.8,10.0,15.0,5.0,5.0,15.0,2.5,4375.0
WMAMP_2_NW,WMAMP_2,NW,314120,7/15/2015,7/21/2015,42.52037,-99.077,653,Low,4.8,10.0,5.0,2.5,5.0,10.0,2.5,1406.25
WMAMP_2_SE,WMAMP_2,SE,314172,7/15/2015,7/21/2015,42.50029,-98.99351,645,Low,4.0,15.0,2.5,2.5,10.0,2.5,2.5,1093.75
WMAMP_2_SW,WMAMP_2,SW,314239,7/15/2015,7/21/2015,42.48814,-99.0872,652,Low,4.8,10.0,2.5,2.5,5.0,15.0,2.5,1640.625
WMAMP_3_NE,WMAMP_3,NE,314268,7/14/2015,7/20/2015,42.60353,-99.5191,702,Low,3.0,10.0,2.5,5.0,2.5,2.5,2.5,468.75
WMAMP_3_NW,WMAMP_3,NW,314138,7/14/2015,7/20/2015,42.58,-99.569820000000007,725,Low,3.0,15.0,5.0,2.5,5.0,2.5,2.5,750.0
WMAMP_3_SE,WMAMP_3,SE,314258,7/14/2015,7/20/2015,42.55142,-99.49637,707,Low,3.0,15.0,15.0,15.0,10.0,15.0,2.5,13125.0
WMAMP_3_SW,WMAMP_3,SW,314300,7/14/2015,7/20/2015,42.54831,-99.55835,712,High,5.0,10.0,10.0,2.5,2.5,5.0,2.5,750.0
WRB_R1_NE,WRB_R1,NE,314119,6/26/2015,7/2/2015,42.81289,-103.94907,1282,Low,2.5,15.0,15.0,5.0,5.0,15.0,2.5,5250.0
WRB_R1_NW,WRB_R1,NW,314289,6/26/2015,7/2/2015,42.8188,-103.97728,1323,Low,2.5,5.0,15.0,15.0,15.0,15.0,2.5,10500.0
WRB_R1_SE,WRB_R1,SE,314219,6/26/2015,7/2/2015,42.79564,-103.92236,1293,Low,5.0,15.0,15.0,15.0,5.0,15.0,2.5,10500.0
WRB_R1_SW,WRB_R1,SW,314217,6/26/2015,7/2/2015,42.79817,-104.00021,1564,Low,2.5,15.0,5.0,5.0,2.5,10.0,2.5,1875.0
